bond_id,bond_nm,list_dt,price,premium_rt,ytm_rt,curr_iss_amt,turnover_rt,year_left,stock_id,stock_nm,market_cd
123112,万讯转债,2021-04-23,141.8,-0.81,-3.5,2.452,227.37,3.995,300112,万讯自控,szcy
123077,汉得转债,2020-12-15,126.4,-0.38,,8.031,41.27,,300170,汉得信息,szcy
123083,朗新转债,2021-01-06,162.4,-0.06,,2.342,22.99,,300682,朗新科技,szcy
110061,川投转债,2019-12-02,157.925,0.05,-13.44,34.818,7.33,2.589,600674,川投能源,shmb
128078,太极转债,2019-11-08,196.5,0.28,,2.052,174.99,,002368,太极股份,szmb
123118,惠城转债,2021-07-26,235.732,0.84,-14.79,2.161,69.12,4.241,300779,惠城环保,szcy
127058,科伦转债,2022-04-20,180.999,1.16,-9.32,20.949,13.13,4.942,002422,科伦药业,szmb
128114,正邦转债,2020-07-15,93.0,1.4,6.85,11.898,5.17,3.186,002157,正邦科技,szmb
110075,南航转债,2020-11-03,135.302,2.06,-5.94,58.96,2.27,3.515,600029,南方航空,shmb
113595,花王转债,2020-08-18,127.335,2.23,-0.82,3.024,37.28,3.279,603007,ST花王,shmb
128111,中矿转债,2020-07-07,636.002,2.33,,1.147,136.9,3.17,002738,中矿资源,szmb
111006,嵘泰转债,2022-09-21,113.989,2.41,1.03,3.57,25.45,5.342,605133,嵘泰股份,shmb
123116,万兴转债,2021-07-01,147.55,3.91,,3.769,404.26,,300624,万兴科技,szcy
110068,龙净转债,2020-04-15,184.305,4.08,-15.37,18.888,3.66,2.953,600388,ST龙净,shmb
110053,苏银转债,2019-04-03,123.304,4.41,-3.83,199.98,0.71,1.926,600919,江苏银行,shmb
128081,海亮转债,2019-12-16,126.81,5.16,-4.28,28.157,0.98,2.619,002203,海亮股份,szmb
110057,现代转债,2019-04-30,131.671,5.23,-9.71,16.155,5.94,1.975,600420,国药现代,shmb
123098,一品转债,2021-02-23,198.938,5.83,-12.05,4.047,33.03,3.805,300723,一品红,szcy
123107,温氏转债,2021-04-21,130.15,6.04,-3.71,77.387,2.57,3.967,300498,温氏股份,szcy
123092,天壕转债,2021-01-15,244.676,6.22,-17.7,4.142,7.45,3.707,300332,天壕环境,szcy
113044,大秦转债,2021-01-15,112.788,6.28,0.15,319.987,0.66,3.679,601006,大秦铁路,shmb
113648,巨星转债,2022-05-17,138.758,6.32,-3.6,9.998,19.89,5.047,603477,巨星农牧,shmb
113534,鼎胜转债,2019-04-30,286.707,6.57,-37.79,3.933,26.86,1.997,603876,鼎胜新材,shmb
128106,华统转债,2020-05-08,235.3,7.06,-22.32,2.869,49.14,3.0,002840,华统股份,szmb
110083,苏租转债,2021-12-10,127.622,8.38,-3.17,49.98,0.59,4.592,600901,江苏金租,shmb
110052,贵广转债,2019-03-29,162.65,8.43,-16.77,2.883,72.22,1.904,600996,贵广网络,shmb
127021,特发转2,2020-09-04,142.369,8.7,-9.74,4.158,57.87,2.326,000070,特发信息,szmb
128017,金禾转债,2017-11-27,156.278,8.83,-57.25,5.517,11.74,0.562,002597,金禾实业,szmb
128128,齐翔转2,2020-09-15,137.648,9.54,-5.46,6.795,0.78,3.362,002408,齐翔腾达,szmb
113585,寿仙转债,2020-07-07,248.418,9.58,-21.61,1.001,43.2,3.164,603896,寿仙谷,shmb
110077,洪城转债,2020-12-17,126.837,9.7,-3.21,17.672,0.65,3.614,600461,洪城环境,shmb
113647,禾丰转债,2022-05-18,132.411,9.74,-2.45,14.67,4.8,5.038,603609,禾丰股份,shmb
127029,中钢转债,2021-04-23,164.896,10.46,-8.47,8.186,88.75,3.94,000928,中钢国际,szmb
128083,新北转债,2019-12-31,134.002,11.39,-6.17,8.768,6.84,2.677,002376,新北洋,szmb
128091,新天转债,2020-01-17,194.6,11.88,-17.23,1.526,36.13,2.726,002873,新天药业,szmb
113537,文灿转债,2019-07-05,288.137,11.99,-33.89,1.238,44.95,2.167,603348,文灿股份,shmb
128141,旺能转债,2021-01-18,127.728,12.44,-3.02,12.701,1.33,3.69,002034,旺能环境,szmb
113615,金诚转债,2021-01-14,274.993,12.6,-21.0,7.638,4.52,3.704,603979,金诚信,shmb
110074,精达转债,2020-09-21,139.051,13.02,-5.28,5.095,40.51,3.359,600577,精达股份,shmb
123050,聚飞转债,2020-05-15,138.0,13.03,-3.83,3.746,70.74,3.011,300303,聚飞光电,szcy
113504,艾华转债,2018-03-23,133.61,13.14,-23.06,4.627,6.66,0.896,603989,艾华集团,shmb
110048,福能转债,2018-12-28,187.983,13.17,-27.47,12.76,2.3,1.66,600483,福能股份,shmb
113582,火炬转债,2020-06-23,197.397,13.17,-16.28,4.175,17.64,3.132,603678,火炬电子,shmb
123085,万顺转2,2020-12-28,139.3,13.19,-5.8,5.712,3.41,3.671,300057,万顺新材,szcy
123164,法本转债,2022-11-14,160.877,13.44,-5.04,6.007,18.81,5.534,300925,法本信息,szcy
111010,立昂转债,2022-12-07,140.116,13.75,-3.21,33.9,5.8,5.6,605358,立昂微,shmb
110084,贵燃转债,2022-01-18,123.45,13.78,-1.56,9.994,1.26,4.718,600903,贵州燃气,shmb
118028,会通转债,2023-01-04,133.582,13.82,-1.86,8.3,11.25,5.66,688219,会通股份,shkc
128049,华源转债,2018-12-20,131.238,14.33,-9.33,3.631,20.9,1.636,002787,华源控股,szmb
127069,小熊转债,2022-09-07,145.113,14.36,-3.39,5.359,6.69,5.345,002959,小熊电器,szmb
127006,敖东转债,2018-05-11,124.132,14.79,-16.64,24.064,1.6,0.926,000623,吉林敖东,szmb
123158,宙邦转债,2022-10-21,147.831,14.93,-4.55,19.697,9.63,5.468,300037,新宙邦,szcy
127063,贵轮转债,2022-05-30,127.21,14.96,-2.0,17.996,2.11,5.036,000589,贵州轮胎,szmb
127012,招路转债,2019-04-30,121.8,14.99,-6.7,49.998,0.71,1.948,001965,招商公路,szmb
118021,新致转债,2022-11-02,142.267,15.02,-3.4,4.85,19.07,5.471,688590,新致软件,shkc
113626,伯特转债,2021-07-21,211.843,15.03,-12.66,7.806,5.75,4.219,603596,伯特利,shmb
113039,嘉泽转债,2020-09-17,164.608,15.71,-10.91,2.879,95.04,3.373,601619,嘉泽新能,shmb
123067,斯莱转债,2020-10-15,174.3,15.89,-10.47,2.395,29.25,3.438,300382,斯莱克,szcy
128121,宏川转债,2020-08-07,128.779,16.15,-4.19,6.699,2.84,3.268,002930,宏川智慧,szmb
128087,孚日转债,2020-01-16,123.551,16.28,-3.87,6.444,2.32,2.69,002083,孚日股份,szmb
128034,江银转债,2018-02-14,112.178,16.4,-6.91,17.58,1.61,0.797,002807,江阴银行,szmb
113027,华钰转债,2019-07-10,164.877,16.53,-16.07,2.386,17.15,2.178,601020,华钰矿业,shmb
110043,无锡转债,2018-03-14,111.75,16.73,-6.37,29.213,1.35,0.808,600908,无锡银行,shmb
113634,珀莱转债,2022-01-04,146.204,16.8,-4.25,7.508,4.35,4.666,603605,珀莱雅,shmb
128048,张行转债,2018-11-29,115.05,17.12,-2.36,24.97,0.88,1.595,002839,张家港行,szmb
113649,丰山转债,2022-07-21,130.375,17.21,-1.54,4.994,4.08,5.219,603810,丰山集团,shmb
128133,奇正转债,2020-10-27,130.059,17.25,-3.25,7.994,2.95,3.452,002287,奇正藏药,szmb
127028,英特转债,2021-03-10,132.263,17.31,-4.36,5.758,4.46,3.74,000411,英特集团,szmb
110090,爱迪转债,2022-10-28,142.037,17.46,-3.92,15.698,1.71,5.46,600933,爱柯迪,shmb
123150,九强转债,2022-07-20,138.503,17.62,-3.46,11.389,2.65,5.227,300406,九强生物,szcy
127050,麒麟转债,2021-12-06,132.28,17.64,-3.09,21.989,3.0,4.592,002984,森麒麟,szmb
110047,山鹰转债,2018-12-10,119.639,17.68,-2.44,22.455,1.71,1.619,600567,山鹰国际,shmb
123156,博汇转债,2022-09-02,138.397,17.68,-2.48,3.97,10.6,5.356,300839,博汇股份,szcy
110063,鹰19转债,2020-01-03,119.687,17.72,-1.67,18.092,2.64,2.677,600567,山鹰国际,shmb
110091,合力转债,2023-01-06,157.506,17.76,-5.83,20.48,4.33,5.679,600761,安徽合力,shmb
127043,川恒转债,2021-09-23,138.439,17.77,-3.19,10.443,3.1,4.34,002895,川恒股份,szmb
127014,北方转债,2019-11-21,222.999,18.0,-23.68,5.341,102.05,2.54,000065,北方国际,szmb
127065,瑞鹄转债,2022-07-27,167.1,18.16,-6.07,4.392,4.96,5.205,002997,瑞鹄模具,szmb
113025,明泰转债,2019-05-07,239.293,18.56,-31.78,9.841,5.28,2.0,601677,明泰铝业,shmb
123012,万顺转债,2018-08-29,164.951,19.08,-28.56,1.221,8.19,1.279,300057,万顺新材,szcy
118012,微芯转债,2022-07-28,143.886,19.17,-3.24,4.999,36.7,5.241,688321,微芯生物,shkc
128082,华锋转债,2020-01-06,150.403,19.2,-8.54,2.016,10.31,2.652,002806,华锋股份,szmb
113598,法兰转债,2020-08-25,176.486,19.25,-11.21,2.752,31.84,3.307,603966,法兰泰克,shmb
123078,飞凯转债,2020-12-16,162.235,19.5,-9.33,6.183,15.6,3.636,300398,飞凯材料,szcy
110085,通22转债,2022-03-18,126.311,19.73,-2.24,119.843,1.81,4.879,600438,通威股份,shmb
127045,牧原转债,2021-09-10,125.279,19.9,-2.81,95.436,1.61,4.353,002714,牧原股份,szmb
123148,上能转债,2022-07-01,188.15,19.92,-8.75,4.196,58.76,5.184,300827,上能电气,szcy
113057,中银转债,2022-05-10,123.629,20.0,-2.39,77.997,1.05,4.959,601881,中国银河,shmb
123099,普利转债,2021-03-08,130.5,20.05,-1.66,8.496,7.67,3.836,300630,普利制药,szcy
111002,特纸转债,2021-12-30,129.897,20.09,-2.29,6.62,2.92,4.666,605007,五洲特纸,shmb
128130,景兴转债,2020-09-18,121.3,20.24,-1.77,9.986,1.78,3.392,002067,景兴纸业,szmb
123130,设研转债,2021-12-02,131.07,20.29,-2.52,3.755,10.37,4.592,300732,设研院,szcy
127032,苏行转债,2021-05-12,119.166,20.52,-0.92,49.995,0.94,4.008,002966,苏州银行,szmb
113631,皖天转债,2021-12-10,118.693,20.56,-0.83,9.299,2.19,4.584,603689,皖天然气,shmb
127036,三花转债,2021-06-30,137.9,20.58,-4.5,29.984,1.5,4.142,002050,三花智控,szmb
127020,中金转债,2020-08-14,126.495,20.65,-3.4,30.228,2.45,3.277,000060,中金岭南,szmb
118003,华兴转债,2021-12-20,143.667,20.71,-4.8,7.998,9.09,4.641,688001,华兴源创,shkc
113591,胜达转债,2020-07-23,127.253,20.76,-1.58,4.743,7.99,3.225,603687,大胜达,shmb
128025,特一转债,2017-12-28,202.299,20.81,-72.34,2.117,64.08,0.658,002728,特一药业,szmb
110058,永鼎转债,2019-05-08,132.677,20.92,-7.68,2.61,388.11,2.016,600105,永鼎股份,shmb
113063,赛轮转债,2022-11-24,138.868,21.06,-3.37,20.09,3.19,5.567,601058,赛轮轮胎,shmb
123152,润禾转债,2022-08-11,136.601,21.16,-1.78,2.92,17.84,5.285,300727,润禾材料,szcy
113651,松霖转债,2022-08-17,125.697,21.24,-1.36,6.1,5.78,5.282,603992,松霖科技,shmb
127070,大中转债,2022-10-11,133.834,21.24,-2.51,15.198,1.29,5.359,001203,大中矿业,szmb
110080,东湖转债,2021-05-12,117.84,21.37,-0.66,15.491,2.17,4.005,600133,东湖高新,shmb
111007,永和转债,2022-11-01,181.326,21.37,-7.29,8.0,48.16,5.507,605020,永和股份,shmb
123141,宏丰转债,2022-04-08,125.45,21.4,-0.71,3.212,4.17,4.934,300283,温州宏丰,szcy
127007,湖广转债,2018-08-01,139.501,21.44,-18.03,3.683,15.21,1.219,000665,湖北广电,szmb
113051,节能转债,2021-07-22,129.877,21.47,-3.05,29.988,0.36,4.2,601016,节能风电,shmb
128042,凯中转债,2018-09-03,123.599,21.55,-6.2,4.154,6.62,1.307,002823,凯中精密,szmb
128044,岭南转债,2018-09-04,128.0,21.62,-11.48,6.568,17.05,1.348,002717,岭南股份,szmb
127037,银轮转债,2021-07-09,156.45,21.72,-7.32,6.995,9.54,4.153,002126,银轮股份,szmb
127049,希望转2,2021-11-29,118.124,21.76,-1.37,81.436,0.85,4.567,000876,新希望,szmb
113017,吉视转债,2018-01-15,115.26,21.82,-11.24,11.349,3.03,0.715,601929,吉视传媒,shmb
123089,九洲转2,2021-01-08,129.729,21.93,-2.13,3.062,3.53,3.699,300040,九洲集团,szcy
123176,精测转2,2023-03-22,143.2,22.12,-3.48,12.76,8.52,5.899,300567,精测电子,szcy
128095,恩捷转债,2020-02-28,223.0,22.12,-21.42,4.537,119.28,2.844,002812,恩捷股份,szmb
127060,湘佳转债,2022-06-10,123.001,22.14,-1.49,6.4,1.25,5.03,002982,湘佳股份,szmb
113660,寿22转债,2022-12-12,157.366,22.15,-5.13,3.98,8.1,5.608,603896,寿仙谷,shmb
118009,华锐转债,2022-07-21,145.54,22.16,-3.85,4.0,6.9,5.211,688059,华锐精密,shkc
113055,成银转债,2022-04-06,119.852,22.23,-1.58,62.832,0.44,4.901,601838,成都银行,shmb
123162,东杰转债,2022-11-04,126.782,22.23,-0.76,5.7,1.99,5.515,300486,东杰智能,szcy
127027,靖远转债,2021-01-22,120.379,22.23,-1.43,19.464,2.18,3.668,000552,靖远煤电,szmb
123080,海波转债,2020-12-22,147.007,22.29,-4.39,1.489,8.41,3.647,300517,海波重科,szcy
113050,南银转债,2021-07-01,115.518,22.37,-0.97,166.16,0.39,4.181,601009,南京银行,shmb
123136,城市转债,2022-02-15,128.888,22.5,-1.44,4.484,26.51,4.786,300778,新城市,szcy
118027,宏图转债,2022-12-22,148.396,22.66,-3.61,10.09,22.17,5.638,688066,航天宏图,shkc
113064,东材转债,2022-12-12,138.512,22.92,-3.0,14.0,3.99,5.605,601208,东材科技,shmb
128140,润建转债,2020-12-29,192.8,23.41,-13.53,10.894,10.4,3.655,002929,润建股份,szmb
127018,本钢转债,2020-08-04,123.487,23.49,0.96,56.31,1.69,3.219,000761,本钢板材,szmb
111005,富春转债,2022-07-25,129.229,23.53,-2.52,5.7,0.81,5.208,605189,富春染织,shmb
113062,常银转债,2022-10-17,116.504,23.86,-0.96,59.999,1.05,5.438,601128,常熟银行,shmb
123131,奥飞转债,2021-12-22,147.83,23.99,-4.27,6.348,20.8,4.652,300738,奥飞数据,szcy
127064,杭氧转债,2022-07-05,173.4,24.08,-8.23,11.368,10.28,5.112,002430,杭氧股份,szmb
123063,大禹转债,2020-08-20,122.863,24.18,0.66,6.346,1.85,3.299,300021,大禹节水,szcy
113060,浙22转债,2022-07-08,124.346,24.35,-2.42,69.998,1.89,5.184,601878,浙商证券,shmb
123087,明电转债,2021-01-05,128.0,24.41,-1.77,4.189,11.28,3.682,300739,明阳电路,szcy
123170,南电转债,2022-12-15,141.5,24.67,-2.45,9.0,17.66,5.627,300346,南大光电,szcy
123031,晶瑞转债,2019-09-26,457.0,24.84,,0.529,296.3,2.389,300655,晶瑞电材,szcy
110079,杭银转债,2021-04-23,115.717,24.91,-0.88,149.985,0.46,3.97,600926,杭州银行,shmb
123025,精测转债,2019-04-19,193.5,24.93,-23.75,3.086,281.07,1.967,300567,精测电子,szcy
113013,国君转债,2017-07-24,104.904,25.11,0.39,69.899,2.05,0.238,601211,国泰君安,shmb
123157,科蓝转债,2022-09-20,129.8,25.19,-1.42,4.945,23.25,5.395,300663,科蓝软件,szcy
111004,明新转债,2022-04-25,129.492,25.2,-1.45,6.729,6.72,4.975,605068,明新旭腾,shmb
113563,柳药转债,2020-02-24,127.684,25.22,-4.91,8.017,2.93,2.77,603368,柳药集团,shmb
113666,爱玛转债,2023-03-20,139.239,25.22,-3.24,20.0,13.17,5.877,603529,爱玛科技,shmb
127040,国泰转债,2021-08-10,118.253,25.55,-1.23,39.873,0.68,4.241,002091,江苏国泰,szmb
113516,苏农转债,2018-08-20,112.008,25.77,-0.14,12.885,0.52,1.312,603323,苏农银行,shmb
128021,兄弟转债,2017-12-27,124.25,25.95,-23.1,2.651,3.74,0.636,002562,兄弟科技,szmb
113621,彤程转债,2021-02-22,156.667,26.02,-8.1,5.364,27.05,3.797,603650,彤程新材,shmb
113664,大元转债,2023-01-04,140.32,26.07,-2.63,4.5,7.35,5.66,603757,大元泵业,shmb
113655,欧22转债,2022-09-01,131.501,26.12,-2.19,20.0,2.53,5.326,603833,欧派家居,shmb
128134,鸿路转债,2020-11-02,134.8,26.25,-4.69,15.728,1.83,3.499,002541,鸿路钢构,szmb
123147,中辰转债,2022-06-21,125.465,26.44,-0.86,5.705,1.09,5.145,300933,中辰股份,szcy
118016,京源转债,2022-08-25,118.537,26.45,0.51,3.33,2.49,5.326,688096,京源环保,shkc
128033,迪龙转债,2018-01-29,126.22,26.53,-22.41,2.972,6.81,0.715,002658,雪迪龙,szmb
113643,风语转债,2022-04-22,132.161,26.6,-1.96,5.0,23.61,4.962,603466,风语筑,shmb
123071,天能转债,2020-11-25,136.23,26.6,-3.58,6.941,1.67,3.532,300569,天能重工,szcy
113609,永安转债,2020-12-23,123.074,26.71,-0.83,7.337,2.99,3.625,603776,永安行,shmb
123091,长海转债,2021-01-15,126.611,26.93,-2.54,5.497,1.3,3.704,300196,长海股份,szcy
128137,洁美转债,2020-12-01,140.021,26.96,-5.16,5.994,6.36,3.57,002859,洁美科技,szmb
123167,商络转债,2022-12-09,134.749,27.05,-1.87,3.965,2.01,5.608,300975,商络电子,szcy
127016,鲁泰转债,2020-05-13,117.032,27.07,-0.8,13.999,1.57,2.997,000726,鲁泰A,szmb
128037,岩土转债,2018-04-25,118.473,27.08,-9.49,6.019,1.77,0.932,002542,中化岩土,szmb
118030,睿创转债,2023-02-10,159.008,27.21,-5.57,15.64,6.25,5.726,688002,睿创微纳,shkc
113058,友发转债,2022-04-26,116.59,27.22,0.04,20.0,0.55,4.975,601686,友发集团,shmb
110055,伊力转债,2019-04-04,207.15,27.28,-27.5,2.434,18.37,1.932,600197,伊力特,shmb
113654,永02转债,2022-09-01,134.199,27.41,-2.4,6.104,6.48,5.323,603901,永创智能,shmb
113594,淳中转债,2020-08-28,134.747,27.47,-3.5,2.997,16.05,3.279,603516,淳中科技,shmb
128075,远东转债,2019-10-31,127.0,27.49,-4.61,5.435,5.67,2.458,002406,远东传动,szmb
110060,天路转债,2019-11-28,121.948,27.6,-2.89,7.062,3.88,2.551,600326,西藏天路,shmb
123119,康泰转2,2021-08-05,127.516,27.78,-2.08,19.994,1.56,4.263,300601,康泰生物,szcy
111000,起帆转债,2021-06-17,140.308,28.29,-3.78,9.993,1.36,4.123,605222,起帆电缆,shmb
110045,海澜转债,2018-07-31,120.305,28.36,-7.4,29.495,0.59,1.26,600398,海澜之家,shmb
123114,三角转债,2021-06-11,140.6,28.42,-3.73,9.008,2.53,4.123,300775,三角防务,szcy
123035,利德转债,2019-12-09,129.5,28.57,-5.09,7.987,2.51,2.597,300296,利亚德,szcy
118022,锂科转债,2022-11-07,123.973,28.71,-1.36,32.5,1.02,5.507,688779,长远锂科,shkc
113545,金能转债,2019-11-07,124.928,28.76,-3.88,9.865,0.53,2.512,603113,金能科技,shmb
123054,思特转债,2020-07-06,141.8,28.79,-5.13,2.073,50.13,3.167,300608,思特奇,szcy
128076,金轮转债,2019-11-08,130.656,28.8,-5.6,2.136,9.15,2.515,002722,物产金轮,szmb
113619,世运转债,2021-02-19,126.399,28.93,-2.67,9.997,7.61,3.781,603920,世运电路,shmb
113640,苏利转债,2022-03-10,116.755,29.21,0.59,9.572,1.19,4.858,603585,苏利股份,shmb
123146,中环转2,2022-05-26,117.32,29.26,0.62,8.64,1.81,5.077,300692,中环环保,szcy
123022,长信转债,2019-04-10,152.763,29.28,-14.97,2.562,10.51,1.94,300088,长信科技,szcy
127035,濮耐转债,2021-06-18,119.005,29.34,-1.37,6.262,1.26,3.126,002225,濮耐股份,szmb
123052,飞鹿转债,2020-07-03,141.2,29.49,-3.64,1.503,12.37,3.153,300665,飞鹿股份,szcy
123127,耐普转债,2021-11-19,125.476,29.73,-1.78,3.998,4.11,4.556,300818,耐普矿机,szcy
127039,北港转债,2021-07-23,123.69,29.89,-2.2,17.631,0.75,4.219,000582,北部湾港,szmb
128119,龙大转债,2020-08-07,118.16,30.05,0.3,9.461,0.61,3.258,002726,龙大美食,szmb
123120,隆华转债,2021-08-23,133.103,30.41,-2.3,7.981,4.05,4.304,300263,隆华科技,szcy
110092,三房转债,2023-02-07,119.828,30.53,-0.71,25.0,0.28,5.745,600370,三房巷,shmb
123169,正海转债,2022-12-12,126.722,30.67,-1.51,14.0,0.55,5.625,300224,正海磁材,szcy
113663,新化转债,2022-12-16,132.03,30.7,-1.66,6.5,7.13,5.638,603867,新化股份,shmb
113024,核建转债,2019-04-26,119.254,30.81,-5.42,29.951,0.8,1.995,601611,中国核建,shmb
123168,惠云转债,2022-12-14,128.92,30.86,-1.19,4.9,1.69,5.625,300891,惠云钛业,szcy
128109,楚江转债,2020-06-23,120.948,30.95,-1.82,18.225,1.0,3.151,002171,楚江新材,szmb
123166,蒙泰转债,2022-11-25,130.525,31.13,-1.31,3.0,1.03,5.567,300876,蒙泰高新,szcy
113530,大丰转债,2019-04-18,126.5,31.14,-3.31,6.297,8.77,1.962,603081,大丰实业,shmb
123133,佩蒂转债,2022-01-21,126.681,31.4,-1.15,7.198,1.4,4.704,300673,佩蒂股份,szcy
127077,华宏转债,2023-01-10,133.275,31.51,-1.74,5.15,1.25,5.649,002645,华宏科技,szmb
111011,冠盛转债,2023-02-06,129.569,31.68,-1.35,6.02,1.02,5.737,605088,冠盛股份,shmb
113526,联泰转债,2019-02-18,130.137,31.75,-10.08,1.927,4.79,1.789,603797,联泰环保,shmb
113021,中信转债,2019-03-19,111.034,31.97,1.51,399.997,0.25,1.899,601998,中信银行,shmb
127005,长证转债,2018-04-11,108.802,31.99,-3.79,49.964,0.68,0.923,000783,长江证券,szmb
113048,晶科转债,2021-05-31,123.41,32.21,-1.38,22.962,0.96,4.036,601778,晶科科技,shmb
113602,景20转债,2020-09-22,124.995,32.32,-3.19,17.798,1.71,3.373,603228,景旺电子,shmb
128014,永东转债,2017-05-12,107.793,32.49,10.11,3.365,14.55,0.019,002753,永东股份,szmb
113632,鹤21转债,2021-12-09,126.89,32.64,-1.81,20.499,0.88,4.608,603733,仙鹤股份,shmb
123059,银信转债,2020-08-12,130.558,32.76,-1.85,3.912,6.19,3.266,300231,银信科技,szcy
127054,双箭转债,2022-03-15,119.503,32.76,-0.48,5.136,1.74,4.844,002381,双箭股份,szmb
113045,环旭转债,2021-04-02,121.887,32.78,-2.25,34.499,2.34,3.899,601231,环旭电子,shmb
118029,富淼转债,2023-01-09,130.752,33.05,-2.34,4.5,0.89,5.685,688350,富淼科技,shkc
113588,润达转债,2020-07-13,136.151,33.23,-5.72,5.498,20.12,3.186,603108,润达医疗,shmb
127033,中装转2,2021-05-24,116.5,33.37,0.07,11.593,1.22,4.016,002822,中装建设,szmb
113033,利群转债,2020-04-21,106.15,33.41,2.25,17.998,0.33,2.975,601366,利群股份,shmb
127026,超声转债,2021-01-14,121.9,33.54,-2.26,6.997,2.83,3.663,000823,超声电子,szmb
123046,天铁转债,2020-04-17,344.72,33.55,-31.28,0.585,20.8,2.94,300587,天铁股份,szcy
127074,麦米转2,2022-11-09,127.444,34.02,-1.06,12.2,6.24,5.512,002851,麦格米特,szmb
123140,天地转债,2022-03-30,146.9,34.06,-4.45,1.719,92.07,4.932,300743,天地数码,szcy
128132,交建转债,2020-10-16,123.0,34.06,-1.65,8.489,16.76,3.433,002941,新疆交建,szmb
127038,国微转债,2021-07-14,160.3,34.17,-7.92,14.926,17.11,4.167,002049,紫光国微,szmb
127075,百川转 2,2022-11-16,118.4,34.35,0.42,9.78,1.48,5.529,002455,百川股份,szmb
113527,维格转债,2019-02-19,125.269,34.51,-3.77,2.862,14.09,1.792,603518,锦泓集团,shmb
118006,阿拉转债,2022-04-12,131.267,34.71,-1.64,3.872,3.81,4.934,688179,阿拉丁,shkc
127072,博实转债,2022-11-03,139.08,34.9,-3.16,4.499,1.25,5.458,002698,博实股份,szmb
113524,奇精转债,2019-01-07,118.747,35.03,-2.01,3.297,3.66,1.682,603677,奇精机械,shmb
128026,众兴转债,2018-01-03,115.673,35.39,-12.35,4.085,8.91,0.677,002772,众兴菌业,szmb
113546,迪贝转债,2019-11-21,124.718,35.52,-2.0,2.297,2.82,2.537,603320,迪贝电气,shmb
123172,漱玉转债,2023-01-06,132.233,35.55,-1.97,8.0,3.12,5.685,301017,漱玉平民,szcy
123149,通裕转债,2022-07-15,120.4,35.57,-0.54,14.846,0.45,5.2,300185,通裕重工,szcy
113625,江山转债,2021-07-01,124.151,35.66,-0.11,5.825,7.81,4.17,603208,江山欧派,shmb
113618,美诺转债,2021-02-04,125.989,35.72,-2.6,4.768,6.06,3.764,603538,美诺华,shmb
123002,国祯转债,2017-12-25,114.398,35.83,-11.75,2.521,4.14,0.625,300388,节能国祯,szcy
123075,贝斯转债,2020-11-23,124.296,36.02,-2.32,5.996,1.38,3.564,300580,贝斯特,szcy
128090,汽模转2,2020-01-23,122.0,36.16,-2.73,3.099,1.12,2.718,002510,天汽模,szmb
123138,丝路转债,2022-03-22,137.8,36.31,-2.64,2.397,365.59,4.899,300556,丝路视觉,szcy
127052,西子转债,2022-01-24,126.1,36.4,-2.01,11.1,42.05,4.71,002534,西子洁能,szmb
128127,文科转债,2020-09-11,110.08,36.4,2.66,9.492,1.93,3.362,002775,文科园林,szmb
118011,银微转债,2022-08-02,126.059,36.44,-0.73,4.997,4.41,5.238,688689,银河微电,shkc
111012,福新转债,2023-02-07,127.379,36.53,-0.84,4.29,0.96,5.74,605488,福莱新材,shmb
113549,白电转债,2019-12-11,117.323,36.73,-1.36,8.047,1.34,2.6,603861,白云电器,shmb
127059,永东转2,2022-05-16,119.4,36.8,0.12,3.792,3.54,5.0,002753,永东股份,szmb
123171,共同转债,2022-12-16,129.107,36.98,-1.11,3.8,1.74,5.638,300966,共同药业,szcy
118017,深科转债,2022-08-29,133.837,37.23,-1.89,3.6,4.07,5.334,688328,深科达,shkc
127078,优彩转债,2023-01-09,119.5,37.24,0.3,6.0,1.29,5.682,002998,优彩资源,szmb
118007,山石转债,2022-04-21,144.562,37.34,-3.73,2.673,13.52,4.953,688030,山石网科,shkc
110088,淮22转债,2022-10-20,117.167,37.57,-1.01,30.0,3.27,5.436,600985,淮北矿业,shmb
128100,搜特转债,2020-04-09,79.2,37.74,13.96,7.981,7.4,2.921,002503,搜于特,szmb
123151,康医转债,2022-07-20,118.8,37.85,0.46,6.999,1.63,5.23,300869,康泰医学,szcy
113628,晨丰转债,2021-09-17,118.8,37.87,0.47,4.15,3.88,4.373,603685,晨丰科技,shmb
123178,花园转债,2023-03-23,123.81,37.88,-0.49,12.0,4.22,5.91,300401,花园生物,szcy
123177,测绘转债,2023-03-24,146.7,38.0,-3.38,4.067,36.54,5.899,300826,测绘股份,szcy
123175,百畅转债,2023-03-17,121.1,38.01,-0.43,4.2,4.86,5.874,300614,百川畅银,szcy
113561,正裕转债,2020-02-10,126.623,38.11,-3.22,1.499,4.56,2.726,603089,正裕工业,shmb
113659,莱克转债,2022-11-15,124.04,38.23,-1.37,12.0,1.05,5.515,603355,莱克电气,shmb
123048,应急转债,2020-05-11,122.102,38.52,-3.08,3.79,14.67,3.0,300527,中船应急,szcy
123179,立高转债,2023-03-27,140.0,38.59,-2.57,9.5,2.07,5.912,300973,立高食品,szcy
113653,永22转债,2022-08-26,123.214,38.67,-0.35,7.7,1.07,5.304,603681,永冠新材,shmb
110067,华安转债,2020-04-09,111.967,38.71,-0.83,27.994,0.96,2.921,600909,华安证券,shmb
113637,华翔转债,2022-01-20,117.446,38.78,0.58,7.998,1.85,4.704,603112,华翔股份,shmb
127046,百润转债,2021-11-03,128.56,38.8,-2.55,11.276,1.92,4.474,002568,百润股份,szmb
113065,齐鲁转债,2022-12-19,98.505,38.84,2.77,80.0,0.37,5.641,601665,齐鲁银行,shmb
128144,利民转债,2021-03-24,121.009,38.86,-1.7,9.794,1.41,3.89,002734,利民股份,szmb
110087,天业转债,2022-07-19,112.389,38.98,0.02,30.0,1.54,5.208,600075,新疆天业,shmb
123153,英力转债,2022-08-11,120.2,39.06,0.21,3.4,6.37,5.285,300956,英力股份,szcy
113066,平煤转债,2023-04-10,116.005,39.14,-0.72,29.0,67.95,5.937,601666,平煤股份,shmb
110062,烽火转债,2019-12-25,120.449,39.22,-3.66,30.873,5.17,2.647,600498,烽火通信,shmb
128101,联创转债,2020-04-13,135.349,39.22,-5.96,2.99,13.22,2.934,002036,联创电子,szmb
127019,国城转债,2020-08-10,118.183,39.24,-1.04,8.497,2.6,3.263,000688,国城矿业,szmb
113657,再22转债,2022-10-27,121.371,39.37,-0.98,5.1,1.71,5.477,603601,再升科技,shmb
113577,春秋转债,2020-05-13,128.996,39.79,-3.27,1.777,11.66,3.011,603890,春秋电子,shmb
118023,广大转债,2022-11-09,122.903,39.88,-0.43,15.5,0.6,5.512,688186,广大特材,shkc
113532,海环转债,2019-04-24,112.048,39.96,-1.03,4.585,1.52,1.978,603817,海峡环保,shmb
127030,盛虹转债,2021-04-21,137.2,40.02,-5.1,49.977,0.47,3.948,000301,东方盛虹,szmb
128070,智能转债,2019-07-23,139.3,40.04,-8.17,2.292,30.12,2.23,002877,智能自控,szmb
113030,东风转债,2020-01-20,122.27,40.06,-2.18,2.945,2.34,2.707,601515,东风股份,shmb
123159,崧盛转债,2022-10-24,125.28,40.36,-0.91,2.94,1.21,5.471,301002,崧盛股份,szcy
118013,道通转债,2022-07-28,128.202,40.41,-1.26,12.799,2.09,5.249,688208,道通科技,shkc
111009,盛泰转债,2022-12-01,121.512,40.45,-0.98,7.01,0.54,5.581,605138,盛泰集团,shmb
127071,天箭转债,2022-09-19,125.398,40.5,-2.08,4.95,2.16,5.373,003009,中天火箭,szmb
110086,精工转债,2022-05-23,116.145,40.51,0.17,20.0,0.2,5.038,600496,精工钢构,shmb
127067,恒逸转2,2022-08-18,115.9,40.53,-0.45,29.998,1.04,5.285,000703,恒逸石化,szmb
128097,奥佳转债,2020-03-18,118.329,40.73,-1.52,4.583,0.86,2.882,002614,奥佳华,szmb
113646,永吉转债,2022-05-17,146.442,40.82,-5.06,1.459,77.05,5.016,603058,永吉股份,shmb
128066,亚泰转债,2019-05-14,116.36,40.95,-0.37,4.61,2.02,2.022,002811,郑中设计,szmb
123154,火星转债,2022-08-23,128.48,41.51,-1.25,5.29,2.99,5.326,300894,火星人,szcy
118015,芯海转债,2022-08-18,127.476,41.53,-0.93,4.1,6.14,5.285,688595,芯海科技,shkc
123121,帝尔转债,2021-08-27,131.5,41.57,-2.02,8.307,3.3,4.321,300776,帝尔激光,szcy
123061,航新转债,2020-08-18,129.226,41.63,-1.4,2.496,4.04,3.282,300424,航新科技,szcy
127073,天赐转债,2022-10-27,124.1,41.82,-2.28,34.1,1.37,4.458,002709,天赐材料,szmb
123100,朗科转债,2021-03-16,118.8,41.9,-0.52,3.797,1.98,3.836,300543,朗科智能,szcy
127053,豪美转债,2022-03-04,119.797,42.25,0.68,8.24,1.87,4.795,002988,豪美新材,szmb
128122,兴森转债,2020-08-17,142.692,42.48,-10.0,2.685,21.61,2.285,002436,兴森科技,szmb
128143,锋龙转债,2021-01-29,124.128,42.52,-0.81,2.44,3.07,3.748,002931,锋龙股份,szmb
123144,裕兴转债,2022-04-27,120.232,42.58,0.01,6.0,1.75,5.008,300305,裕兴股份,szcy
118019,金盘转债,2022-10-13,139.834,42.63,-3.58,9.77,6.43,5.441,688676,金盘科技,shkc
110073,国投转债,2020-08-20,104.759,42.65,1.49,79.992,0.98,3.288,600061,国投资本,shmb
113600,新星转债,2020-09-11,120.3,42.74,1.18,4.53,4.31,3.342,603978,深圳新星,shmb
123143,胜蓝转债,2022-04-22,132.129,43.11,-2.44,3.299,11.54,4.978,300843,胜蓝股份,szcy
123142,申昊转债,2022-04-11,120.085,43.22,-0.76,5.496,3.9,4.942,300853,申昊科技,szcy
113665,汇通转债,2023-01-11,117.517,43.28,0.42,3.6,1.48,5.685,603176,汇通集团,shmb
127066,科利转债,2022-08-03,124.5,43.35,-1.51,15.34,5.4,5.249,002850,科达利,szmb
123173,恒锋转债,2023-02-08,168.0,43.36,-5.61,2.42,35.92,5.726,300605,恒锋信息,szcy
110070,凌钢转债,2020-05-13,119.124,43.5,-0.7,2.171,4.25,3.008,600231,凌钢股份,shmb
110064,建工转债,2020-01-16,114.531,43.64,1.2,12.646,1.06,2.696,600939,重庆建工,shmb
128062,亚药转债,2019-04-24,108.314,43.78,3.91,9.619,0.94,1.981,002370,亚太药业,szmb
123129,锦鸡转债,2021-11-24,114.857,43.93,0.49,6.0,0.39,4.573,300798,锦鸡股份,szcy
113505,杭电转债,2018-03-27,113.022,43.94,-4.92,7.497,0.67,0.904,603618,杭电股份,shmb
113054,绿动转债,2022-03-23,108.872,43.98,0.83,23.599,0.26,4.882,601330,绿色动力,shmb
128071,合兴转债,2019-09-16,117.0,44.55,-1.38,2.999,2.41,2.351,002228,合兴包装,szmb
127042,嘉美转债,2021-09-08,113.096,44.64,0.76,7.498,1.34,4.334,002969,嘉美包装,szmb
123160,泰福转债,2022-10-25,118.382,44.81,0.49,3.349,0.71,5.474,300992,泰福泵业,szcy
127022,恒逸转债,2020-11-16,114.199,45.06,-1.52,19.998,1.82,3.518,000703,恒逸石化,szmb
123090,三诺转债,2021-01-12,125.52,45.08,-2.08,4.984,3.36,3.699,300298,三诺生物,szcy
123145,药石转债,2022-05-18,129.978,45.12,-2.43,11.494,2.63,5.033,300725,药石科技,szcy
123108,乐普转2,2021-04-19,122.86,45.26,-3.6,16.377,0.85,2.97,300003,乐普医疗,szcy
113565,宏辉转债,2020-03-16,121.084,45.45,-1.5,2.249,2.14,2.882,603336,宏辉果蔬,shmb
113639,华正转债,2022-02-22,125.693,45.66,-2.36,5.699,6.66,4.795,603186,华正新材,shmb
123163,金沃转债,2022-11-07,124.887,45.91,-0.48,3.1,0.58,5.515,300984,金沃股份,szcy
113052,兴业转债,2022-01-14,101.651,45.95,2.55,499.982,0.35,4.718,601166,兴业银行,shmb
113662,豪能转债,2022-12-23,125.132,46.31,-1.05,5.0,1.6,5.63,603809,豪能股份,shmb
113566,翔港转债,2020-03-31,124.208,46.36,-0.63,1.613,4.5,2.888,603499,翔港科技,shmb
118018,瑞科转债,2022-09-14,120.055,46.49,-0.89,4.3,3.18,5.362,688323,瑞华泰,shkc
128142,新乳转债,2021-01-19,122.489,46.64,-1.89,7.18,2.04,3.69,002946,新乳业,szmb
128079,英联转债,2019-11-21,142.599,46.67,-7.99,1.516,7.27,2.534,002846,英联股份,szmb
113056,重银转债,2022-04-14,97.549,47.13,3.55,129.995,0.47,4.956,601963,重庆银行,shmb
128023,亚太转债,2017-12-26,111.5,47.32,-4.81,9.986,1.59,0.652,002284,亚太股份,szmb
113597,佳力转债,2020-08-21,136.026,47.79,-2.99,2.981,32.53,3.304,603912,佳力图,shmb
127034,绿茵转债,2021-05-28,107.364,48.01,2.55,7.118,1.46,4.055,002887,绿茵生态,szmb
123082,北陆转债,2020-12-28,115.27,48.11,1.25,4.993,0.59,3.66,300016,北陆药业,szcy
123010,博世转债,2018-08-14,110.93,48.16,-0.84,4.296,2.42,1.238,300422,博世科,szcy
127076,中宠转2,2022-11-21,120.51,48.54,-0.62,7.69,0.34,5.545,002891,中宠股份,szmb
123109,昌红转债,2021-04-19,120.01,48.71,0.0,4.596,6.02,3.975,300151,昌红科技,szcy
127055,精装转债,2022-03-24,118.389,48.96,0.28,5.767,1.55,4.871,002989,中天精装,szmb
128129,青农转债,2020-09-18,100.058,49.2,3.35,49.997,1.23,3.375,002958,青农商行,szmb
123122,富瀚转债,2021-08-24,127.101,49.31,-1.35,5.806,47.31,4.323,300613,富瀚微,szcy
113604,多伦转债,2020-11-17,115.453,49.53,0.21,6.396,5.62,3.51,603528,多伦科技,shmb
113519,长久转债,2018-11-30,119.1,49.59,-1.24,6.961,0.54,1.581,603569,长久物流,shmb
113047,旗滨转债,2021-05-07,126.715,49.64,-2.77,14.986,1.15,3.997,601636,旗滨集团,shmb
123115,捷捷转债,2021-06-29,123.709,49.68,-1.13,11.944,2.82,4.162,300623,捷捷微电,szcy
123180,浙矿转债,2023-03-28,137.428,49.73,-2.29,3.2,26.01,5.918,300837,浙矿股份,szcy
127062,垒知转债,2022-05-20,120.95,50.22,-0.08,3.961,4.24,5.036,002398,垒知集团,szmb
113661,福22转债,2022-12-22,129.201,50.34,-2.2,30.3,0.26,5.622,603806,福斯特,shmb
123103,震安转债,2021-03-31,129.7,50.83,-1.96,2.494,2.72,3.921,300767,震安科技,szcy
123174,精锻转债,2023-03-07,121.549,50.96,-0.18,9.8,0.81,5.855,300258,精锻科技,szcy
128074,游族转债,2019-10-21,121.937,51.26,-1.25,6.825,12.15,2.458,002174,游族网络,szmb
111001,山玻转债,2021-12-06,116.126,51.93,0.69,5.999,0.59,4.584,605006,山东玻纤,shmb
128039,三力转债,2018-06-29,120.737,52.11,-9.62,2.024,1.6,1.162,002224,三力士,szmb
123004,铁汉转债,2018-01-26,108.081,52.35,-2.79,8.032,0.0,0.69,300197,节能铁汉,szcy
113656,嘉诚转债,2022-10-12,116.8,52.42,0.51,8.0,0.36,5.4,603535,嘉诚国际,shmb
123014,凯发转债,2018-08-21,153.5,52.55,-104.54,1.16,178.84,0.296,300407,凯发电气,szcy
111008,沿浦转债,2022-11-28,129.735,52.57,-1.51,3.84,0.94,5.567,605128,上海沿浦,shmb
118024,冠宇转债,2022-11-17,121.452,54.54,-0.67,30.89,0.42,5.542,688772,珠海冠宇,shkc
118014,高测转债,2022-08-12,127.58,54.55,-2.11,4.833,2.97,5.277,688556,高测股份,shkc
113629,泉峰转债,2021-10-21,120.062,55.02,0.1,6.192,3.22,4.433,603982,泉峰汽车,shmb
123096,思创转债,2021-03-01,112.39,55.1,2.45,8.167,6.79,3.797,300078,思创医惠,szcy
113636,甬金转债,2021-12-31,120.313,55.12,0.0,9.995,0.53,4.679,603995,甬金股份,shmb
110089,兴发转债,2022-10-31,116.339,55.93,-0.22,27.999,0.78,5.458,600141,兴发集团,shmb
127015,希望转债,2020-02-04,110.999,56.21,-0.74,9.495,0.92,2.734,000876,新希望,szmb
118032,建龙转债,2023-04-07,123.193,56.23,-0.41,7.0,25.41,5.915,688357,建龙微纳,shkc
128085,鸿达转债,2020-01-08,107.97,56.36,5.01,3.372,1.56,2.688,002002,鸿达兴业,szmb
113037,紫银转债,2020-08-17,103.13,56.68,3.46,44.995,0.26,3.285,601860,紫金银行,shmb
113542,好客转债,2019-08-23,114.358,57.44,-0.41,6.026,4.25,2.31,603898,好莱客,shmb
127079,华亚转债,2023-01-16,149.823,57.52,-3.73,3.4,25.18,5.688,003043,华亚智能,szmb
123038,联得转债,2020-01-22,137.19,57.56,-5.86,1.472,15.1,2.71,300545,联得装备,szcy
113059,福莱转债,2022-06-13,119.327,58.01,-0.38,40.0,0.24,5.115,601865,福莱特,shmb
127056,中特转债,2022-04-15,112.717,58.13,-0.47,49.997,0.28,4.882,000708,中信特钢,szmb
128131,崇达转2,2020-09-28,117.7,58.41,-0.87,13.998,1.5,3.405,002815,崇达技术,szmb
127044,蒙娜转债,2021-09-16,116.638,58.6,0.03,11.689,1.26,4.353,002918,蒙娜丽莎,szmb
123124,晶瑞转2,2021-09-07,122.5,58.69,-2.27,5.227,9.62,4.353,300655,晶瑞电材,szcy
113658,密卫转债,2022-10-25,122.58,58.8,-1.39,8.719,0.32,4.438,603713,密尔克卫,shmb
127025,冀东转债,2020-12-02,108.92,58.89,0.15,17.764,0.84,3.573,000401,冀东水泥,szmb
113061,拓普转债,2022-08-12,128.92,59.26,-2.26,24.999,1.29,5.266,601689,拓普集团,shmb
123104,卫宁转债,2021-03-31,123.92,59.35,0.08,9.701,7.0,3.932,300253,卫宁健康,szcy
127061,美锦转债,2022-05-30,111.209,59.42,2.16,35.897,0.21,5.033,000723,美锦能源,szmb
113043,财通转债,2020-12-28,106.482,59.51,0.8,37.996,1.31,3.668,601108,财通证券,shmb
128053,尚荣转债,2019-03-07,139.69,60.02,-11.42,1.898,6.78,1.852,002551,尚荣医疗,szmb
127051,博杰转债,2021-12-17,116.915,60.98,0.71,5.259,4.78,4.608,002975,博杰股份,szmb
127017,万青转债,2020-07-02,114.28,62.01,0.88,9.996,0.52,3.148,000789,万年青,szmb
118020,芳源转债,2022-11-07,119.361,62.34,1.37,6.42,0.73,5.46,688148,芳源股份,shkc
123088,威唐转债,2021-01-06,121.311,62.38,-0.21,3.011,1.3,3.682,300707,威唐工业,szcy
118031,天23转债,2023-03-15,117.461,62.42,0.39,88.64,1.91,5.852,688599,天合光能,shkc
123165,回天转债,2022-11-15,115.051,62.83,0.82,8.5,0.73,5.551,300041,回天新材,szcy
128120,联诚转债,2020-08-17,124.59,62.93,-1.9,2.597,2.0,3.268,002921,联诚精密,szmb
128056,今飞转债,2019-03-22,133.49,63.02,-6.72,1.72,4.49,1.89,002863,今飞凯达,szmb
123106,正丹转债,2021-04-20,114.813,63.24,2.11,3.2,0.69,3.953,300641,正丹股份,szcy
128135,洽洽转债,2020-11-18,119.122,63.38,0.04,13.399,0.4,3.529,002557,洽洽食品,szmb
113623,凤21转债,2021-05-07,113.799,63.94,0.56,24.999,0.82,3.995,603225,新凤鸣,shmb
128036,金农转债,2018-04-02,134.0,64.18,-22.84,1.455,8.17,0.915,002548,金新农,szmb
123155,中陆转债,2022-08-31,113.899,65.09,1.24,3.6,1.4,5.345,301040,中环海陆,szcy
113644,艾迪转债,2022-05-12,117.492,65.25,0.48,10.0,0.52,5.019,603638,艾迪精密,shmb
113053,隆22转债,2022-02-17,115.98,65.52,-0.94,69.958,0.5,4.74,601012,隆基绿能,shmb
113573,纵横转债,2020-05-22,120.024,65.6,0.98,2.698,1.05,3.019,603602,纵横通信,shmb
111003,聚合转债,2022-04-19,126.679,67.59,-1.02,2.039,3.19,4.912,605166,聚合顺,shmb
128105,长集转债,2020-05-13,106.109,67.86,2.25,7.994,1.54,2.997,002616,长青集团,szmb
113606,荣泰转债,2020-11-20,113.495,68.15,1.61,5.999,0.37,3.556,603579,荣泰健康,shmb
123132,回盛转债,2022-01-07,115.199,68.26,1.0,7.0,0.63,4.69,300871,回盛生物,szcy
127080,声迅转债,2023-02-10,158.0,68.57,-4.63,2.8,17.1,5.726,003004,声迅股份,szmb
118004,博瑞转债,2022-01-27,115.253,69.38,0.98,4.65,2.73,4.74,688166,博瑞医药,shkc
127024,盈峰转债,2020-12-02,109.949,69.75,1.06,14.761,0.73,3.57,000967,盈峰环境,szmb
128123,国光转债,2020-08-19,114.299,70.28,0.19,3.199,0.66,3.296,002749,国光股份,szmb
118025,奕瑞转债,2022-11-18,122.93,70.47,-1.26,14.35,0.52,5.542,688301,奕瑞科技,shkc
128124,科华转债,2020-08-20,103.36,70.71,1.8,7.376,1.5,3.299,002022,科华生物,szmb
113046,金田转债,2021-04-12,106.777,71.36,1.72,14.998,1.3,3.948,601609,金田股份,shmb
113650,博22转债,2022-07-28,115.88,71.53,0.73,8.0,0.46,5.23,603916,苏博特,shmb
127041,弘亚转债,2021-08-10,114.739,72.04,0.95,5.999,0.64,3.255,002833,弘亚数控,szmb
123056,雪榕转债,2020-07-24,110.8,72.34,2.58,5.84,1.01,3.205,300511,雪榕生物,szcy
118008,海优转债,2022-07-21,120.607,73.38,-0.05,6.939,2.8,5.208,688680,海优新材,shkc
113638,台21转债,2022-01-21,116.693,74.31,0.02,5.999,2.68,4.723,603055,台华新材,shmb
127031,洋丰转债,2021-04-23,111.26,74.54,1.15,9.999,0.78,3.956,000902,新洋丰,szmb
113535,大业转债,2019-06-03,113.8,74.61,-1.9,4.996,0.98,1.079,603278,大业股份,shmb
113605,大参转债,2020-11-13,114.127,74.8,0.04,14.047,0.97,3.534,603233,大参林,shmb
113579,健友转债,2020-05-22,117.72,75.55,-1.28,5.023,5.13,3.036,603707,健友股份,shmb
113049,长汽转债,2021-07-08,117.287,75.6,-1.48,34.954,1.05,4.167,601633,长城汽车,shmb
123044,红相转债,2020-04-13,118.5,75.67,1.25,5.496,2.18,2.921,300427,红相股份,szcy
123113,仙乐转债,2021-05-14,111.5,75.97,1.47,10.248,0.88,4.027,300791,仙乐健康,szcy
110082,宏发转债,2021-11-23,112.961,76.15,0.75,19.996,1.19,4.553,600885,宏发股份,shmb
113016,小康转债,2017-11-21,288.705,76.19,-110.06,2.062,22.5,0.575,601127,赛力斯,shmb
113610,灵康转债,2020-12-22,111.29,77.69,2.13,4.579,1.05,3.644,603669,灵康药业,shmb
113641,华友转债,2022-03-23,115.014,78.67,-0.5,75.985,0.27,4.879,603799,华友钴业,shmb
110072,广汇转债,2020-09-15,95.397,78.81,5.53,33.66,0.43,3.356,600297,广汇汽车,shmb
128063,未来转债,2019-04-24,119.42,79.13,1.73,6.292,0.47,1.984,002631,德尔未来,szmb
113042,上银转债,2021-02-10,105.983,80.1,3.39,199.98,0.29,3.795,601229,上海银行,shmb
113616,韦尔转债,2021-01-22,117.852,80.29,-0.93,24.332,12.34,3.718,603501,韦尔股份,shmb
128035,大族转债,2018-03-05,105.721,80.4,-0.83,22.991,1.72,0.827,002008,大族激光,szmb
118000,嘉元转债,2021-03-15,111.68,81.06,1.91,9.784,2.31,3.874,688388,嘉元科技,shkc
113601,塞力转债,2020-09-15,109.9,81.53,2.71,5.425,2.83,3.364,603716,塞力医疗,shmb
127047,帝欧转债,2021-11-26,98.866,82.16,4.46,14.999,1.79,4.545,002798,帝欧家居,szmb
113593,沪工转债,2020-08-10,114.782,82.51,1.56,3.998,1.46,3.277,603131,上海沪工,shmb
110076,华海转债,2020-11-25,112.144,82.9,0.55,18.424,1.3,3.564,600521,华海药业,shmb
127068,顺博转债,2022-09-07,111.839,84.56,0.28,8.3,0.44,5.345,002996,顺博合金,szmb
123064,万孚转债,2020-09-23,113.048,86.18,0.33,5.98,1.88,3.395,300482,万孚生物,szcy
128030,天康转债,2018-01-29,245.88,86.43,-79.99,0.825,7.16,0.701,002100,天康生物,szmb
118026,利元转债,2022-11-18,115.996,87.97,-0.25,9.5,1.09,5.542,688499,利元亨,shkc
123049,维尔转债,2020-05-12,108.569,88.64,4.5,9.17,0.7,3.008,300190,维尔利,szcy
110081,闻泰转债,2021-08-20,113.782,89.13,-0.41,85.979,1.06,4.299,600745,闻泰科技,shmb
123135,泰林转债,2022-01-19,153.818,89.89,-5.06,2.09,25.35,4.721,300813,泰林生物,szcy
123101,拓斯转债,2021-03-29,119.5,91.26,-1.15,6.698,3.11,3.915,300607,拓斯达,szcy
128117,道恩转债,2020-07-20,117.456,93.05,1.34,3.585,1.63,3.227,002838,道恩股份,szmb
128116,瑞达转债,2020-07-24,107.43,94.61,2.02,6.491,1.55,3.219,002961,瑞达期货,szmb
113652,伟22转债,2022-08-12,109.524,95.86,0.89,14.77,1.06,5.288,603568,伟明环保,shmb
128125,华阳转债,2020-08-21,109.909,96.13,2.09,4.498,1.79,3.304,002949,华阳国际,szmb
128118,瀛通转债,2020-08-05,114.778,97.62,1.7,2.996,2.38,3.227,002861,瀛通通讯,szmb
110059,浦发转债,2019-11-15,106.394,100.1,3.29,499.986,0.44,2.551,600000,浦发银行,shmb
128072,翔鹭转债,2019-09-16,114.867,100.85,-0.52,3.016,2.52,2.362,002842,翔鹭钨业,szmb
123128,首华转债,2021-11-18,101.513,100.94,2.79,13.79,0.79,4.564,300483,首华燃气,szcy
123076,强力转债,2020-12-04,107.7,106.86,2.49,8.499,2.31,3.611,300429,强力新材,szcy
113608,威派转债,2020-11-27,110.207,107.53,2.56,4.2,1.04,3.584,603956,威派格,shmb
128136,立讯转债,2020-12-02,113.672,112.7,-0.52,29.991,1.27,3.567,002475,立讯精密,szmb
123161,强联转债,2022-10-27,113.866,114.63,0.52,12.1,0.4,5.507,300850,新强联,szcy
123011,德尔转债,2018-08-14,119.17,115.33,-3.6,2.506,1.28,1.274,300473,德尔股份,szcy
123034,通光转债,2019-11-28,261.399,118.2,-27.32,0.778,34.34,2.57,300265,通光线缆,szcy
127004,模塑转债,2017-06-26,160.62,119.41,-217.35,1.309,18.48,0.145,000700,模塑科技,szmb
110044,广电转债,2018-07-24,212.725,119.46,-42.28,0.707,47.83,1.216,600831,广电网络,shmb
113575,东时转债,2020-04-30,144.083,125.59,-8.31,0.983,5.49,2.997,603377,东方时尚,shmb
118010,洁特转债,2022-08-02,109.277,126.2,1.02,4.4,2.59,5.222,688026,洁特生物,shkc
113569,科达转债,2020-04-08,112.382,135.62,1.86,5.154,11.04,2.915,603660,苏州科达,shmb
123039,开润转债,2020-01-23,116.702,136.1,0.77,2.217,2.14,2.712,300577,开润股份,szcy
128108,蓝帆转债,2020-06-19,101.804,136.25,3.26,15.209,0.63,3.132,002382,蓝帆医疗,szmb
113633,科沃转债,2021-12-29,111.368,139.63,0.67,10.397,0.57,4.644,603486,科沃斯,shmb
123126,瑞丰转债,2021-10-18,113.128,144.21,3.14,3.4,2.52,4.422,300243,瑞丰高材,szcy
113578,全筑转债,2020-05-19,93.126,145.68,8.12,3.838,1.84,3.027,603030,全筑股份,shmb
123018,溢利转债,2019-01-23,263.598,147.5,-39.87,0.541,13.71,1.699,300381,溢多利,szcy
118005,天奈转债,2022-03-01,109.592,147.82,0.99,8.299,1.5,4.803,688116,天奈科技,shkc
113627,太平转债,2021-08-06,111.401,150.84,0.72,8.0,8.03,4.263,603877,太平鸟,shmb
128041,盛路转债,2018-08-14,351.0,151.82,,0.529,73.05,1.268,002446,盛路通信,szmb
113624,正川转债,2021-06-01,109.259,153.88,2.64,4.049,0.34,4.049,603976,正川股份,shmb
113574,华体转债,2020-04-27,116.931,162.5,-0.87,2.089,1.2,2.973,603679,华体科技,shmb
123093,金陵转债,2021-02-18,121.75,166.7,1.37,2.485,2.32,3.778,300651,金陵体育,szcy
123065,宝莱转债,2020-09-24,119.01,167.57,0.33,2.188,1.47,3.403,300246,宝莱特,szcy
128138,侨银转债,2020-12-24,117.56,172.86,4.1,4.199,0.69,3.605,002973,侨银股份,szmb
113596,城地转债,2020-08-20,98.02,193.58,4.37,11.986,1.34,3.299,603887,城地香江,shmb
113589,天创转债,2020-07-16,98.653,198.63,4.81,5.996,0.36,3.205,603608,天创时尚,shmb
113584,家悦转债,2020-06-24,105.034,208.93,2.78,6.449,0.71,3.153,603708,家家悦,shmb
123072,乐歌转债,2020-11-10,131.45,225.86,-0.71,1.419,7.46,3.532,300729,乐歌股份,szcy
123117,健帆转债,2021-07-12,117.919,230.67,-0.65,9.998,0.99,4.203,300529,健帆生物,szcy
123015,蓝盾转债,2018-09-13,212.33,245.36,-39.05,1.0,191.34,1.345,300297,*ST蓝盾,szcy
123013,横河转债,2018-08-20,484.0,252.29,,0.379,26.58,1.296,300539,横河精密,szcy
113576,起步转债,2020-05-07,106.24,303.18,4.01,2.658,2.41,3.0,603557,ST起步,shmb
