代码,简称,截至日期,家数,本期持股数(万股),持股占已流通A股比例(%),同上期增减(万股),持股比例(%),上期家数
600006,东风汽车,2023-03-31,2,995.0862,0.5,-153.0,0.57,2
600007,中国国贸,2023-03-31,1,493.2144,0.49,0.0,0.49,1
600008,首创环保,2023-03-31,3,5396.3183,0.74,530.52,0.66,2
600009,上海机场,2023-03-31,1,986.0111,0.4,-43.66,0.41,1
600010,包钢股份,2023-03-31,1,17756.66,0.39,-400.86,0.4,1
600012,皖通高速,2023-03-31,1,312.9698,0.19,-665.532,0.59,2
600026,中远海能,2023-03-31,2,4460.6791,0.94,2605.1367,0.39,1
600028,中国石化,2023-03-31,1,10536.7876,0.09,-919.2,0.1,1
600030,中信证券,2023-03-31,1,20855.6168,1.41,775.7135,1.35,1
600037,歌华有线,2023-03-31,1,696.1564,0.5,-288.32,0.71,1
600038,中直股份,2023-03-31,3,1531.6646,2.6,37.49,2.53,3
600054,黄山旅游,2023-03-31,1,314.3203,0.43,-760.4868,1.47,3
600055,万东医疗,2023-03-31,1,735.9015,1.05,101.96,0.9,1
600056,中国医药,2023-03-31,1,437.9917,0.29,-56.66,0.33,1
600057,厦门象屿,2023-03-31,2,3934.3359,1.74,-173.0945,1.82,2
600059,古越龙山,2023-03-31,1,696.5767,0.76,178.65,0.57,1
600060,海信视像,2023-03-31,5,9771.5881,7.47,-164.8894,7.6,6
600061,国投资本,2023-03-31,1,5511.5561,0.86,-3260.2252,1.37,2
600062,华润双鹤,2023-03-31,1,234.946,0.23,-52.97,0.28,1
600063,皖维高新,2023-03-31,1,981.6773,0.45,981.6773,0.0,0
600064,南京高科,2023-03-31,1,1400.0086,0.81,1400.0086,0.0,0
600066,宇通客车,2023-03-31,1,1314.0116,0.59,-727.0009,0.92,2
600072,中船科技,2023-03-31,1,319.076,0.43,-142.43,0.63,1
600073,上海梅林,2023-03-31,1,954.9678,1.02,595.7578,0.38,1
600075,新疆天业,2023-03-31,2,1393.0136,0.82,-712.6773,1.23,3
600077,*ST宋都,2023-03-31,1,438.3915,0.33,438.3915,0.0,0
600079,人福医药,2023-03-31,4,5541.2822,3.39,-1073.7401,4.05,5
600081,东风科技,2023-03-31,1,67.85,0.14,67.85,0.0,0
600082,海泰发展,2023-03-31,1,400.94,0.62,400.94,0.0,0
600085,同仁堂,2023-03-31,5,9663.8968,7.05,397.4943,6.76,4
601975,招商南油,2023-03-31,2,15675.9853,3.23,574.9986,3.11,3
600095,湘财股份,2023-03-31,2,2500.1151,0.87,1137.3054,0.48,1
600096,云天化,2023-03-31,1,761.1337,0.41,-306.36,0.58,1
600097,开创国际,2023-03-31,2,310.18,1.29,168.03,0.59,1
600105,永鼎股份,2023-03-31,1,428.04,0.3,-19.31,0.32,1
600108,亚盛集团,2023-03-31,1,491.1231,0.25,491.1231,0.0,0
600109,国金证券,2023-03-31,2,8381.8472,2.25,306.1108,2.17,2
600110,诺德股份,2023-03-31,3,2548.0261,1.46,514.45,1.16,3
600111,北方稀土,2023-03-31,4,4056.0818,1.12,-94.36,1.15,4
600118,中国卫星,2023-03-31,5,2141.9895,1.81,942.1664,1.01,3
600119,长江投资,2023-03-31,1,201.19,0.55,201.19,0.0,0
600121,郑州煤电,2023-03-31,3,1664.6141,1.37,-482.476,1.76,3
600123,兰花科创,2023-03-31,3,1790.4897,1.57,-443.9084,1.96,3
600125,铁龙物流,2023-03-31,2,914.1901,0.7,914.1901,0.0,0
600126,杭钢股份,2023-03-31,1,947.813,0.28,-229.8,0.35,1
600129,太极集团,2023-03-31,5,3415.255,6.13,-889.9918,7.73,5
600131,国网信通,2023-03-31,2,4599.5891,3.82,-888.15,4.56,3
600132,重庆啤酒,2023-03-31,4,1726.9822,3.57,-319.4042,4.23,6
600137,浪莎股份,2023-03-31,1,51.36,0.53,51.36,0.0,0
600138,中青旅,2023-03-31,2,1353.6181,1.87,-1298.5004,3.66,4
600151,航天机电,2023-03-31,1,1263.8952,0.88,258.1368,0.7,1
600153,建发股份,2023-03-31,3,9774.5788,3.25,3462.2311,2.1,2
600157,永泰能源,2023-03-31,1,21843.7822,0.98,-22246.086,1.98,2
600160,巨化股份,2023-03-31,2,3452.064,1.28,2326.068,0.42,1
600161,天坛生物,2023-03-31,2,4214.2713,2.56,-288.1793,2.73,2
600163,中闽能源,2023-03-31,1,697.9823,0.37,128.33,0.3,1
600168,武汉控股,2023-03-31,1,244.7542,0.34,53.65,0.27,1
600170,上海建工,2023-03-31,1,4645.9194,0.52,-6374.6233,1.24,2
600171,上海贝岭,2023-03-31,4,2012.4433,2.83,55.1553,2.75,4
600173,卧龙地产,2023-03-31,1,677.22,0.97,677.22,0.0,0
600176,中国巨石,2023-03-31,1,1928.136,0.48,-371.1,0.57,1
600177,雅戈尔,2023-03-31,1,4483.2275,0.97,-189.9397,1.01,1
600178,东安动力,2023-03-31,1,202.23,0.43,202.23,0.0,0
600185,格力地产,2023-03-31,1,744.1158,0.39,141.9,0.32,1
600188,兖矿能源,2023-03-31,3,2858.885,0.58,-2494.6677,1.08,4
600195,中牧股份,2023-03-31,5,6111.5608,5.98,3366.058,2.69,4
600196,复星医药,2023-03-31,3,4160.7281,1.56,71.5034,1.53,5
600197,伊力特,2023-03-31,7,3900.1948,8.26,1070.8854,5.99,3
600199,金种子酒,2023-03-31,2,3191.4494,4.85,-527.685,5.65,4
600200,江苏吴中,2023-03-31,3,1505.88,2.11,1505.88,0.0,0
600201,生物股份,2023-03-31,3,3792.3287,3.38,1828.3806,1.75,2
600206,有研新材,2023-03-31,2,1053.46,1.24,-373.58,1.69,3
600208,新湖中宝,2023-03-31,1,2823.567,0.33,-726.973,0.41,1
600210,紫江企业,2023-03-31,1,1066.95,0.7,0.0,0.7,1
600211,西藏药业,2023-03-31,2,446.1023,1.8,446.1023,0.0,0
600212,绿能慧充,2023-03-31,6,3016.7931,5.9,210.83,5.48,5
600213,亚星客车,2023-03-31,1,74.54,0.26,7.47,0.23,1
600216,浙江医药,2023-03-31,3,2293.8306,2.38,246.8237,2.12,3
600217,中再资环,2023-03-31,1,1749.81,1.26,1749.81,0.0,0
600219,南山铝业,2023-03-31,1,10633.2064,0.91,-100.0,0.92,1
600230,沧州大化,2023-03-31,1,131.37,0.31,-574.1353,1.69,2
600232,金鹰股份,2023-03-31,1,226.23,0.62,9.2,0.6,1
600235,民丰特纸,2023-03-31,3,551.02,1.57,315.61,0.67,1
600237,铜峰电子,2023-03-31,1,254.24,0.45,-1802.9895,3.65,6
600238,海南椰岛,2023-03-31,1,280.5892,0.63,-27.0708,0.69,2
600246,万通发展,2023-03-31,1,674.6089,0.33,116.567,0.27,1
600248,陕西建工,2023-03-31,1,1274.11,0.35,-371.1,0.45,1
600250,南纺股份,2023-03-31,1,208.35,0.67,-18.65,0.73,1
600256,广汇能源,2023-03-31,3,26318.4082,4.01,7927.6651,2.8,2
600258,首旅酒店,2023-03-31,2,1971.8315,1.76,-2353.7993,3.87,5
600259,广晟有色,2023-03-31,2,214.5083,0.64,-84.209,0.89,2
600261,阳光照明,2023-03-31,2,5553.4784,3.93,276.7278,3.73,2
600266,城建发展,2023-03-31,1,1349.9956,0.6,1349.9956,0.0,0
600267,海正药业,2023-03-31,1,301.7062,0.26,301.7062,0.0,0
600276,恒瑞医药,2023-03-31,2,11182.7943,1.75,798.3565,1.63,2
600277,亿利洁能,2023-03-31,1,2909.9766,0.82,2909.9766,0.0,0
600278,东方创业,2023-03-31,1,234.0256,0.26,17.97,0.24,1
600282,南钢股份,2023-03-31,2,15343.2193,2.49,-1053.6496,2.66,2
600285,羚锐制药,2023-03-31,3,3761.6053,6.63,-79.66,6.77,3
600298,安琪酵母,2023-03-31,3,2023.6517,2.33,-304.791,2.68,3
600299,安迪苏,2023-03-31,2,685.5495,0.26,-35.36,0.27,2
600301,南化股份,2023-03-31,3,783.28,1.32,783.28,0.0,0
600305,恒顺醋业,2023-03-31,1,309.53,0.31,-441.674,0.75,2
600307,酒钢宏兴,2023-03-31,2,3217.3063,0.51,-1552.9728,0.76,3
600312,平高电气,2023-03-31,2,3784.7341,2.79,741.5421,2.24,1
600313,农发种业,2023-03-31,4,2431.9931,2.25,-402.89,2.62,4
600315,上海家化,2023-03-31,4,2368.8634,3.49,-85.2205,3.61,4
600316,洪都航空,2023-03-31,7,2842.8946,3.96,-700.276,4.94,7
600318,新力金融,2023-03-31,1,731.8953,1.43,238.1553,0.96,1
600327,大东方,2023-03-31,2,913.2207,1.03,-698.777,1.82,2
600329,达仁堂,2023-03-31,1,505.6541,0.65,505.6541,0.0,0
600330,天通股份,2023-03-31,2,2030.5361,1.65,2030.5361,0.0,0
600338,西藏珠峰,2023-03-31,4,3747.6159,4.1,-254.82,4.38,4
600339,中油工程,2023-03-31,1,1009.8761,0.18,-461.5773,0.26,1
600345,长江通信,2023-03-31,1,196.36,0.99,196.36,0.0,0
600350,山东高速,2023-03-31,2,7542.9448,1.56,84.373,1.55,2
600360,华微电子,2023-03-31,1,802.3035,0.84,62.16,0.77,1
600362,江西铜业,2023-03-31,1,324.8629,0.09,-324.4494,0.19,2
600363,联创光电,2023-03-31,1,342.8801,0.75,342.8801,0.0,0
600369,西南证券,2023-03-31,1,6939.3828,1.04,6939.3828,0.0,0
600371,万向德农,2023-03-31,4,1737.3308,5.94,-187.71,6.58,6
600372,中航电子,2023-03-31,4,3250.8349,1.7,-104.7989,1.74,3
600373,中文传媒,2023-03-31,2,2075.3817,1.53,-328.5444,1.77,3
600376,首开股份,2023-03-31,1,3997.6089,1.55,-185.2415,1.62,1
600377,宁沪高速,2023-03-31,1,3058.7223,0.61,-132.6133,0.63,1
600378,昊华科技,2023-03-31,3,3792.7018,4.16,97.5099,4.05,3
600380,健康元,2023-03-31,2,1301.0694,0.67,495.04,0.42,1
600383,金地集团,2023-03-31,1,3202.4191,0.71,-6445.2211,2.14,2
600386,北巴传媒,2023-03-31,1,362.03,0.45,12.03,0.43,1
600389,江山股份,2023-03-31,1,217.7107,0.71,-76.8536,0.96,1
600391,航发科技,2023-03-31,3,1505.7805,4.56,11.9368,4.53,4
600395,盘江股份,2023-03-31,2,5481.3395,2.55,-177.8889,2.64,2
600397,安源煤业,2023-03-31,3,2605.3297,2.63,-572.14,3.21,3
600398,海澜之家,2023-03-31,3,13028.6168,3.02,953.4575,2.8,3
600399,抚顺特钢,2023-03-31,5,13245.0772,6.72,-2020.4378,7.74,6
600416,湘电股份,2023-03-31,3,2982.9022,2.25,94.261,2.18,3
600418,江淮汽车,2023-03-31,2,4029.9913,1.85,1286.0826,1.26,2
600419,天润乳业,2023-03-31,4,2986.1433,9.33,695.268,7.15,4
600422,昆药集团,2023-03-31,3,6133.5292,8.09,1732.791,5.8,2
600426,华鲁恒升,2023-03-31,3,9512.9716,4.48,-2091.3627,5.47,4
600428,中远海特,2023-03-31,4,5964.47,2.78,4259.6351,0.79,2
600448,华纺股份,2023-03-31,1,407.04,0.65,16.63,0.62,1
600456,宝钛股份,2023-03-31,3,950.4346,1.99,74.5312,1.83,3
600458,时代新材,2023-03-31,3,3442.5075,4.29,2745.9375,0.87,1
600466,*ST蓝光,2023-03-31,1,1594.134,0.53,302.524,0.43,1
600486,扬农化工,2023-03-31,4,1693.655,5.47,1.84,5.46,4
600488,津药药业,2023-03-31,1,176.42,0.16,176.42,0.0,0
600496,精工钢构,2023-03-31,3,4396.7653,2.18,-184.9613,2.28,3
600498,烽火通信,2023-03-31,2,836.3906,0.7,-632.3479,1.24,3
600500,中化国际,2023-03-31,2,1288.8238,0.36,226.186,0.3,1
600503,华丽家族,2023-03-31,1,1051.66,0.66,198.9,0.53,1
600508,上海能源,2023-03-31,2,576.0858,0.8,-671.094,1.73,4
600509,天富能源,2023-03-31,4,3852.4,3.35,1133.73,2.36,4
600511,国药股份,2023-03-31,5,2599.5022,3.45,2033.1637,0.75,2
600512,腾达建设,2023-03-31,1,1372.0727,0.86,1372.0727,0.0,0
600516,方大炭素,2023-03-31,1,1239.6253,0.31,-253.29,0.39,1
600519,贵州茅台,2023-03-31,1,494.9115,0.39,-587.5848,0.86,2
600522,中天科技,2023-03-31,2,3366.0917,0.99,791.8114,0.75,1
600523,贵航股份,2023-03-31,1,162.37,0.4,0.0,0.4,1
600529,山东药玻,2023-03-31,2,1324.5296,2.0,-1855.6305,4.79,5
600531,豫光金铅,2023-03-31,2,648.48,0.59,648.48,0.0,0
600533,栖霞建设,2023-03-31,3,5092.6859,4.85,-4841.12,9.46,6
600536,中国软件,2023-03-31,5,2185.7933,3.3,-577.8717,4.19,6
600548,深高速,2023-03-31,2,3795.0374,1.74,-263.5096,1.86,2
600549,厦门钨业,2023-03-31,2,1202.4599,0.85,-1524.9946,1.92,3
600552,凯盛科技,2023-03-31,2,3034.67,3.21,92.29,3.11,2
600557,康缘药业,2023-03-31,3,2669.4919,4.57,1171.4653,2.56,2
600559,老白干酒,2023-03-31,6,9539.5864,10.43,793.7286,9.56,5
600561,江西长运,2023-03-31,1,158.76,0.56,158.76,0.0,0
600563,法拉电子,2023-03-31,5,1584.103,7.04,-249.9306,8.15,6
600566,济川药业,2023-03-31,1,632.43,0.69,123.9789,0.55,1
600567,山鹰国际,2023-03-31,2,5173.8646,1.12,-776.75,1.29,2
600577,精达股份,2023-03-31,1,5828.3897,2.8,-349.7729,2.97,1
600578,京能电力,2023-03-31,1,6099.8308,0.91,-164.73,0.94,1
600579,克劳斯,2023-03-31,1,333.69,0.67,0.0,0.67,1
600580,卧龙电驱,2023-03-31,2,1153.4111,0.88,405.0095,0.57,1
600581,八一钢铁,2023-03-31,2,1448.1,0.93,0.0,0.93,2
600582,天地科技,2023-03-31,1,2747.9274,0.66,-3695.0241,1.56,3
600585,海螺水泥,2023-03-31,1,1877.66,0.35,-3849.8183,1.08,3
600586,金晶科技,2023-03-31,1,2238.573,1.57,1369.063,0.61,1
600587,新华医疗,2023-03-31,1,1050.9728,2.25,1050.9728,0.0,0
600588,用友网络,2023-03-31,1,3833.3375,1.12,200.0066,1.06,1
600597,光明乳业,2023-03-31,4,2224.5271,1.61,-2.0797,1.62,4
600598,北大荒,2023-03-31,3,1216.75,0.68,-2115.47,1.87,6
600600,青岛啤酒,2023-03-31,5,4004.1965,2.94,-394.9409,3.22,6
600602,云赛智联,2023-03-31,1,417.93,0.31,-41.16,0.34,1
600603,广汇物流,2023-03-31,2,2126.0165,1.69,-1031.9026,2.52,4
600604,市北高新,2023-03-31,2,831.8293,0.44,38.015,0.42,2
600606,绿地控股,2023-03-31,2,11342.1669,0.81,1093.67,0.73,2
600616,金枫酒业,2023-03-31,1,503.441,0.75,174.37,0.49,1
600621,华鑫股份,2023-03-31,4,3066.0534,2.89,66.438,2.83,4
600623,华谊集团,2023-03-31,2,1458.4313,0.68,-225.5259,0.79,2
600626,申达股份,2023-03-31,1,377.88,0.34,377.88,0.0,0
600628,新世界,2023-03-31,1,621.62,0.96,621.62,0.0,0
600630,龙头股份,2023-03-31,1,239.9662,0.56,239.9662,0.0,0
600633,浙数文化,2023-03-31,2,2012.1778,1.59,804.2312,0.95,2
600637,东方明珠,2023-03-31,1,1460.8355,0.43,-2313.2903,1.11,2
600640,国脉文化,2023-03-31,1,227.2801,0.29,-94.62,0.4,1
600641,万业企业,2023-03-31,3,2142.4035,2.3,-992.2665,3.27,3
600642,申能股份,2023-03-31,3,5906.2452,1.2,-943.43,1.4,3
600644,乐山电力,2023-03-31,1,511.8866,0.95,511.8866,0.0,0
600649,城投控股,2023-03-31,2,1994.9994,0.79,300.1691,0.67,2
600651,飞乐音响,2023-03-31,1,1144.37,0.46,87.59,0.42,1
600657,信达地产,2023-03-31,1,1135.59,0.4,1135.59,0.0,0
600660,福耀玻璃,2023-03-31,1,3727.3663,1.43,-360.9618,1.57,1
600662,外服控股,2023-03-31,1,1223.0127,0.54,-111.94,0.58,1
600663,陆家嘴,2023-03-31,1,1943.6561,0.48,263.15,0.42,1
600665,天地源,2023-03-31,2,817.92,0.95,817.92,0.0,0
600667,太极实业,2023-03-31,1,1301.89,0.62,-1821.4665,1.48,2
600673,东阳光,2023-03-31,3,14085.4439,4.67,0.0,4.67,3
600675,中华企业,2023-03-31,1,3549.5766,0.58,561.27,0.49,1
600679,上海凤凰,2023-03-31,1,160.001,0.31,160.001,0.0,0
600681,百川能源,2023-03-31,1,3097.5579,2.27,-128.7263,2.37,1
600684,珠江股份,2023-03-31,1,392.858,0.46,392.858,0.0,0
600685,中船防务,2023-03-31,6,4059.8632,2.87,1367.7638,1.9,4
600690,海尔智家,2023-03-31,1,6084.3184,0.64,-1050.4798,0.76,1
600692,亚通股份,2023-03-31,1,222.91,0.63,8.71,0.61,1
600693,东百集团,2023-03-31,1,328.47,0.38,328.47,0.0,0
600694,大商股份,2023-03-31,1,212.1743,0.72,212.1743,0.0,0
600699,均胜电子,2023-03-31,2,1340.2944,0.98,-46.9575,1.01,2
600702,舍得酒业,2023-03-31,4,1948.7953,5.85,-41.4202,5.97,3
600703,三安光电,2023-03-31,5,25762.2426,5.16,6719.3754,3.82,4
600706,曲江文旅,2023-03-31,3,379.3901,1.49,267.74,0.44,1
600707,彩虹股份,2023-03-31,1,906.2207,0.25,-185.8,0.3,1
600713,南京医药,2023-03-31,1,424.7042,0.32,424.7042,0.0,0
600718,东软集团,2023-03-31,1,1244.4799,1.02,-674.98,1.57,1
600724,宁波富达,2023-03-31,1,324.19,0.22,324.19,0.0,0
600729,重庆百货,2023-03-31,1,1990.9544,4.9,0.0,4.9,1
600731,湖南海利,2023-03-31,4,1163.6338,2.08,494.3596,1.45,3
600732,爱旭股份,2023-03-31,2,1829.3091,1.4,-746.0963,2.26,3
600735,新华锦,2023-03-31,3,672.9582,1.57,-95.272,1.79,2
600736,苏州高新,2023-03-31,1,452.9175,0.39,452.9175,0.0,0
600737,中粮糖业,2023-03-31,1,838.0,0.39,-60.7774,0.42,1
600740,山西焦化,2023-03-31,2,2165.3888,0.85,-438.5808,1.02,2
600741,华域汽车,2023-03-31,2,3846.8773,1.22,1616.3598,0.71,1
600743,华远地产,2023-03-31,1,767.5139,0.33,767.5139,0.0,0
600744,华银电力,2023-03-31,3,470.91,0.23,162.01,0.15,2
600745,闻泰科技,2023-03-31,1,1733.1314,1.39,202.16,1.23,1
600749,西藏旅游,2023-03-31,1,121.69,0.54,121.69,0.0,0
600750,江中药业,2023-03-31,2,621.6648,0.99,282.3228,0.54,1
600895,张江高科,2023-03-31,3,1590.8749,1.03,-523.6399,1.37,4
600897,厦门空港,2023-03-31,2,415.4034,1.39,215.7534,0.67,1
600295,鄂尔多斯,2023-03-31,1,1696.2057,0.85,-73.4371,0.89,1
600320,振华重工,2023-03-31,1,2797.9621,0.53,-656.2964,0.66,1
1,平安银行,2023-03-31,1,6416.7068,0.33,-300.0,0.35,1
6,深振业A,2023-03-31,1,621.72,0.46,118.75,0.37,1
9,中国宝安,2023-03-31,4,5091.1576,1.97,-146.6055,2.03,4
11,深物业A,2023-03-31,1,138.9034,0.23,138.9034,0.0,0
21,深科技,2023-03-31,3,1819.0657,1.17,1059.3487,0.49,1
1872,招商港口,2023-03-31,1,643.0236,0.26,643.0236,0.0,0
25,特力A,2023-03-31,1,103.2175,0.24,19.47,0.19,1
27,深圳能源,2023-03-31,1,1188.2789,0.25,-429.38,0.34,1
28,国药一致,2023-03-31,2,619.7521,1.45,400.4321,0.51,1
31,大悦城,2023-03-31,2,1653.8692,0.39,-579.96,0.52,2
32,深桑达A,2023-03-31,2,1009.4688,0.89,68.7287,0.83,2
34,神州数码,2023-03-31,2,989.2473,1.48,-171.3988,1.74,2
35,中国天楹,2023-03-31,1,4176.9953,1.66,0.0,1.66,1
36,华联控股,2023-03-31,2,2132.672,1.44,537.44,1.08,2
1914,招商积余,2023-03-31,4,5102.3863,4.81,1436.1691,3.46,3
48,京基智农,2023-03-31,1,314.9939,0.6,314.9939,0.0,0
49,德赛电池,2023-03-31,3,987.1077,3.3,-1114.5208,7.02,5
60,中金岭南,2023-03-31,2,3252.3917,0.87,-335.24,0.96,2
62,深圳华强,2023-03-31,1,550.2891,0.53,-228.968,0.75,1
66,中国长城,2023-03-31,3,3633.2478,1.13,1863.55,0.55,1
69,华侨城A,2023-03-31,1,3556.1008,0.43,493.52,0.37,1
70,特发信息,2023-03-31,1,303.3262,0.36,303.3262,0.0,0
89,深圳机场,2023-03-31,1,644.98,0.31,-202.14,0.41,1
90,天健集团,2023-03-31,4,5766.8566,3.09,-357.4074,3.28,3
99,中信海直,2023-03-31,2,978.0,1.26,279.0,0.9,2
155,川能动力,2023-03-31,1,425.5577,0.29,-888.8969,0.89,2
158,常山北明,2023-03-31,2,1500.373,0.94,1500.373,0.0,0
400,许继电气,2023-03-31,2,1784.11,1.77,1784.11,0.0,0
402,金融街,2023-03-31,1,3338.5026,1.12,-969.9361,1.44,1
404,长虹华意,2023-03-31,1,392.34,0.56,392.34,0.0,0
416,*ST民控,2023-03-31,1,586.72,1.1,586.72,0.0,0
420,吉林化纤,2023-03-31,2,5671.41,2.31,-1458.29,2.9,3
421,南京公用,2023-03-31,1,260.6,0.45,260.6,0.0,0
423,东阿阿胶,2023-03-31,6,4544.4583,6.95,1834.7528,4.14,5
425,徐工机械,2023-03-31,6,26080.6939,2.21,15249.5565,0.92,4
426,兴业矿业,2023-03-31,1,1894.31,1.03,1894.31,0.0,0
428,华天酒店,2023-03-31,1,366.07,0.36,62.76,0.3,1
600754,锦江酒店,2023-03-31,3,1703.6117,1.59,-1098.4652,2.62,4
600755,厦门国贸,2023-03-31,2,4841.8057,2.2,-1330.5217,2.8,3
600756,浪潮软件,2023-03-31,2,349.068,1.08,33.55,0.97,2
600757,长江传媒,2023-03-31,3,4227.0911,3.48,780.6673,2.84,3
600758,辽宁能源,2023-03-31,2,1789.3338,1.35,-457.2501,1.7,2
600760,中航沈飞,2023-03-31,3,4186.6534,2.14,410.5275,1.93,3
600763,通策医疗,2023-03-31,6,3466.3845,10.81,-30.6642,10.91,6
600765,中航重机,2023-03-31,3,4426.0978,3.01,-1502.0153,4.03,3
600768,宁波富邦,2023-03-31,2,233.0302,1.74,233.0302,0.0,0
600773,西藏城投,2023-03-31,4,3276.044,4.0,-1518.2872,5.85,5
600779,水井坊,2023-03-31,3,1507.1596,3.09,-391.2136,3.89,3
600782,新钢股份,2023-03-31,2,8472.4171,2.66,-3620.0135,3.79,4
600787,中储股份,2023-03-31,1,542.2692,0.25,-184.31,0.33,1
600789,鲁抗医药,2023-03-31,2,1517.8812,1.71,1078.411,0.5,1
600792,云煤能源,2023-03-31,3,1891.6751,1.91,-378.789,2.29,3
600796,钱江生化,2023-03-31,1,246.84,0.28,9.73,0.27,1
600801,华新水泥,2023-03-31,2,2411.6581,1.15,-72.3514,1.18,2
600802,福建水泥,2023-03-31,3,978.7629,2.14,749.59,0.5,1
600808,马钢股份,2023-03-31,2,10488.6159,1.35,-938.4064,1.47,2
600809,山西汾酒,2023-03-31,5,5023.5281,4.12,-977.812,4.92,5
600810,神马股份,2023-03-31,1,249.93,0.24,30.2418,0.21,1
600817,宇通重工,2023-03-31,2,1280.42,2.34,781.19,0.91,2
600820,隧道股份,2023-03-31,3,4576.5442,1.46,-1161.1799,1.82,3
600821,金开新能,2023-03-31,2,3493.4768,1.75,739.1852,1.38,1
600826,兰生股份,2023-03-31,1,261.7291,0.49,261.7291,0.0,0
600827,百联股份,2023-03-31,2,1252.6188,0.7,-736.2447,1.11,3
600829,人民同泰,2023-03-31,2,343.9501,0.59,343.9501,0.0,0
600834,申通地铁,2023-03-31,1,225.9966,0.47,6.63,0.46,1
600835,上海机电,2023-03-31,1,369.0203,0.36,369.0203,0.0,0
600837,海通证券,2023-03-31,1,20855.4086,1.6,777.3755,1.54,1
600839,四川长虹,2023-03-31,2,3555.7906,0.77,428.09,0.68,1
600841,动力新科,2023-03-31,1,911.69,0.56,911.69,0.0,0
600843,上工申贝,2023-03-31,1,686.86,0.96,686.86,0.0,0
601607,上海医药,2023-03-31,1,1050.7167,0.28,-2017.8492,0.83,2
600853,龙建股份,2023-03-31,2,964.3132,0.95,964.3132,0.0,0
600854,春兰股份,2023-03-31,1,173.1,0.33,173.1,0.0,0
600859,王府井,2023-03-31,3,4514.2485,3.98,194.8442,3.81,3
600860,京城股份,2023-03-31,1,553.2816,1.02,-93.3881,1.19,1
600861,北京人力,2023-03-31,6,3385.5455,10.69,359.2874,9.55,5
600862,中航高科,2023-03-31,4,7422.3732,5.33,-642.5418,5.79,4
600863,内蒙华电,2023-03-31,5,22243.644,3.41,-2690.8701,3.82,6
600864,哈投股份,2023-03-31,2,3790.4519,1.82,236.4071,1.71,2
600867,通化东宝,2023-03-31,2,3231.9131,1.62,-118.776,1.68,2
600869,远东股份,2023-03-31,4,12344.6898,5.56,-2784.3081,6.82,5
600871,石化油服,2023-03-31,3,7381.37,0.39,2175.77,0.27,2
600872,中炬高新,2023-03-31,2,989.95,1.26,0.0,1.26,2
600873,梅花生物,2023-03-31,2,12478.0433,4.1,-414.62,4.24,2
600875,东方电气,2023-03-31,1,998.3366,0.32,-2434.9834,1.1,3
600877,电科芯片,2023-03-31,2,1397.3401,1.18,696.24,0.59,1
600879,航天电子,2023-03-31,2,3729.8975,1.37,3729.8975,0.0,0
600883,博闻科技,2023-03-31,1,172.6,0.73,6.95,0.7,1
600884,杉杉股份,2023-03-31,3,3386.5159,1.5,-260.4363,1.61,3
600885,宏发股份,2023-03-31,2,2022.4312,1.94,-310.107,2.24,2
600887,伊利股份,2023-03-31,3,23445.7714,3.66,155.3813,3.64,3
600888,新疆众和,2023-03-31,2,1139.5876,0.84,0.0,0.85,2
600889,南京化纤,2023-03-31,4,887.27,2.42,476.39,1.12,2
498,山东路桥,2023-03-31,1,1142.3541,0.73,0.0,0.73,1
501,武商集团,2023-03-31,1,1625.0699,2.11,-797.829,3.15,2
513,丽珠集团,2023-03-31,1,270.5,0.29,-21.7666,0.31,1
514,渝开发,2023-03-31,1,221.39,0.26,43.9,0.21,1
516,国际医学,2023-03-31,3,9938.8403,4.37,-586.3253,4.63,2
517,荣安地产,2023-03-31,2,1180.28,0.37,1180.28,0.0,0
519,中兵红箭,2023-03-31,1,723.0434,0.52,723.0434,0.0,0
524,岭南控股,2023-03-31,5,3013.2991,4.5,385.8969,3.92,4
526,学大教育,2023-03-31,1,69.55,0.59,-60.45,1.1,1
537,广宇发展,2023-03-31,4,2983.9433,1.6,-2426.8525,2.91,6
538,云南白药,2023-03-31,1,718.8692,0.4,718.8692,0.0,0
539,粤电力A,2023-03-31,3,9646.7658,1.84,-3505.851,2.51,4
540,*ST中天,2023-03-31,2,5896.8748,0.84,-449.64,0.91,2
543,皖能电力,2023-03-31,5,10893.3708,4.81,-2106.7708,5.73,6
544,中原环保,2023-03-31,1,129.345,0.13,3.7,0.13,1
547,航天发展,2023-03-31,3,3011.7766,1.88,939.5192,1.29,2
550,江铃汽车,2023-03-31,1,282.0646,0.33,282.0646,0.0,0
552,甘肃能化,2023-03-31,3,3929.6883,0.85,-1754.3641,2.27,4
558,莱茵体育,2023-03-31,1,508.21,0.39,100.87,0.32,1
559,万向钱潮,2023-03-31,2,1793.6818,0.54,672.5708,0.34,1
561,烽火电子,2023-03-31,3,1029.97,1.7,309.3,1.19,2
563,陕国投A,2023-03-31,3,3042.4316,0.59,730.245,0.45,2
568,泸州老窖,2023-03-31,4,8041.051,5.46,-1684.2786,6.61,4
584,ST工智,2023-03-31,1,512.43,0.67,512.43,0.0,0
589,贵州轮胎,2023-03-31,5,4991.7751,4.35,1670.9251,2.89,3
591,太阳能,2023-03-31,1,2912.014,0.74,-1843.2721,1.22,3
596,古井贡酒,2023-03-31,4,3267.6975,6.18,-411.9069,6.96,4
598,兴蓉环境,2023-03-31,2,2393.964,0.8,-33.4159,0.81,2
600,建投能源,2023-03-31,3,2147.4579,1.2,-439.7365,1.44,5
603,盛达资源,2023-03-31,4,4208.443,6.1,492.2723,5.39,4
610,西安旅游,2023-03-31,1,168.11,0.71,30.08,0.58,1
615,*ST美谷,2023-03-31,3,1156.5304,1.52,824.1304,0.44,1
620,*ST新联,2023-03-31,1,623.91,0.33,119.17,0.27,1
623,吉林敖东,2023-03-31,2,1736.8819,1.49,-1375.5039,2.68,4
625,长安汽车,2023-03-31,3,13611.8047,1.37,6419.6617,0.72,1
630,铜陵有色,2023-03-31,4,21512.0764,2.04,3352.6804,1.73,3
631,顺发恒业,2023-03-31,2,1691.35,0.7,1176.04,0.21,1
633,合金投资,2023-03-31,4,1263.64,3.28,236.38,2.67,3
657,中钨高新,2023-03-31,2,1495.7703,1.39,-697.4397,2.04,4
661,长春高新,2023-03-31,4,1592.3522,3.93,620.6031,2.4,2
667,ST美置,2023-03-31,1,1619.74,0.66,306.79,0.53,1
671,ST阳光城,2023-03-31,3,7729.41,1.87,4424.1,0.8,2
682,东方电子,2023-03-31,4,5558.0471,4.15,-10244.633,11.79,6
683,远兴能源,2023-03-31,6,30579.4891,8.44,854.93,8.21,6
686,东北证券,2023-03-31,2,5414.652,2.31,260.72,2.2,2
690,宝新能源,2023-03-31,5,15866.1693,7.29,-1237.3037,7.86,5
1696,宗申动力,2023-03-31,1,276.3,0.24,276.3,0.0,0
708,中信特钢,2023-03-31,1,1659.2486,0.33,-222.6018,0.37,1
709,河钢股份,2023-03-31,1,2483.15,0.24,-920.37,0.33,1
710,贝瑞基因,2023-03-31,1,155.8841,0.44,-10.2059,0.47,1
712,锦龙股份,2023-03-31,2,1766.9366,1.97,84.47,1.88,2
713,丰乐种业,2023-03-31,2,601.6973,0.98,384.6521,0.35,1
717,中南股份,2023-03-31,1,475.99,0.2,-2080.42,1.05,2
719,中原传媒,2023-03-31,3,809.6889,0.79,175.9132,0.62,2
720,新能泰山,2023-03-31,1,508.97,0.41,97.19,0.32,1
721,西安饮食,2023-03-31,1,120.9987,0.21,120.9987,0.0,0
723,美锦能源,2023-03-31,2,3473.7322,0.8,-1066.1895,1.05,2
726,鲁泰A,2023-03-31,1,936.0,1.05,426.0,0.57,1
729,燕京啤酒,2023-03-31,2,2900.2337,1.03,1440.242,0.52,1
733,振华科技,2023-03-31,5,4457.9193,8.57,-296.0856,9.14,6
735,罗牛山,2023-03-31,1,799.1143,0.69,30.3989,0.67,1
736,中交地产,2023-03-31,2,648.5157,0.93,81.4157,0.82,2
737,北方铜业,2023-03-31,1,837.78,0.47,837.78,0.0,0
738,航发控制,2023-03-31,2,2594.8153,1.97,-306.82,2.21,2
739,普洛药业,2023-03-31,4,8722.9498,7.4,-466.4628,7.8,4
750,国海证券,2023-03-31,2,13459.227,2.47,276.3,2.42,2
751,锌业股份,2023-03-31,1,331.32,0.24,331.32,0.0,0
757,浩物股份,2023-03-31,1,320.0,0.5,6.48,0.49,1
758,中色股份,2023-03-31,3,1679.15,0.85,984.54,0.35,1
759,中百集团,2023-03-31,1,270.85,0.4,270.85,0.0,0
762,西藏矿业,2023-03-31,5,2340.9198,4.49,-1009.465,6.43,6
768,中航西飞,2023-03-31,4,5035.7808,1.81,1690.6222,1.21,3
776,广发证券,2023-03-31,2,11107.1647,1.46,499.75,1.39,2
777,中核科技,2023-03-31,1,197.3819,0.51,197.3819,0.0,0
778,新兴铸管,2023-03-31,3,4116.7701,1.03,-1500.2377,1.41,4
789,万年青,2023-03-31,1,271.4458,0.34,271.4458,0.0,0
791,甘肃能源,2023-03-31,1,226.76,0.14,226.76,0.0,0
795,英洛华,2023-03-31,1,260.24,0.23,-3.45,0.23,1
797,中国武夷,2023-03-31,1,516.5218,0.33,103.04,0.26,1
799,酒鬼酒,2023-03-31,5,2685.8707,8.27,-321.4565,9.26,5
800,一汽解放,2023-03-31,2,1163.1295,0.25,617.05,0.12,1
803,山高环能,2023-03-31,1,287.48,0.82,-25.608,0.89,1
807,云铝股份,2023-03-31,1,3568.2983,1.03,-130.2862,1.07,1
810,创维数字,2023-03-31,3,4974.2348,4.32,569.1402,3.83,3
811,冰轮环境,2023-03-31,4,4512.3017,6.05,1388.9995,4.19,3
812,陕西金叶,2023-03-31,1,163.468,0.21,163.468,0.0,0
818,航锦科技,2023-03-31,2,1739.0433,2.56,79.3328,2.44,2
819,岳阳兴长,2023-03-31,3,1622.5079,5.3,-351.4179,6.44,4
821,京山轻机,2023-03-31,2,2169.1108,3.48,681.7166,2.39,2
822,山东海化,2023-03-31,1,350.58,0.39,0.0,0.39,1
825,太钢不锈,2023-03-31,1,1429.9748,0.25,-533.41,0.34,1
829,天音控股,2023-03-31,1,600.0,0.59,600.0,0.0,0
830,鲁西化工,2023-03-31,4,2073.643,1.08,98.3613,1.03,3
831,中国稀土,2023-03-31,3,1081.4603,1.1,605.81,0.48,1
837,秦川机床,2023-03-31,1,380.98,0.42,49.1,0.37,1
848,承德露露,2023-03-31,3,1337.6414,1.24,1004.6388,0.31,1
850,华茂股份,2023-03-31,1,336.005,0.36,-17.085,0.37,1
852,石化机械,2023-03-31,2,678.72,0.72,678.72,0.0,0
858,五粮液,2023-03-31,4,9853.5924,2.54,-2289.4991,3.13,4
860,顺鑫农业,2023-03-31,6,7636.9359,10.3,1898.7163,7.74,3
875,吉电股份,2023-03-31,4,6650.7682,2.38,2237.3373,1.58,3
882,华联股份,2023-03-31,1,1257.09,0.46,236.61,0.37,1
887,中鼎股份,2023-03-31,2,1689.6248,1.28,-1396.0658,2.34,3
888,峨眉山A,2023-03-31,2,563.77,1.07,293.09,0.51,1
890,法尔胜,2023-03-31,1,133.9265,0.32,133.9265,0.0,0
895,双汇发展,2023-03-31,1,821.88,0.24,15.95,0.23,1
1896,豫能控股,2023-03-31,2,961.0269,0.63,961.0269,0.0,0
898,鞍钢股份,2023-03-31,2,3368.7648,0.36,1314.69,0.22,1
902,新洋丰,2023-03-31,2,1087.0007,0.83,-7599.2669,6.66,5
905,厦门港务,2023-03-31,1,357.1214,0.48,357.1214,0.0,0
906,浙商中拓,2023-03-31,4,1552.3462,2.26,1145.219,0.59,1
909,ST数源,2023-03-31,1,178.73,0.39,33.4,0.32,1
910,大亚圣象,2023-03-31,2,2340.3907,4.28,-376.12,4.96,2
913,钱江摩托,2023-03-31,1,525.082,1.0,525.082,0.0,0
915,华特达因,2023-03-31,2,820.0385,3.5,28.24,3.38,2
917,电广传媒,2023-03-31,1,1012.188,0.71,-421.63,1.01,1
918,*ST嘉凯,2023-03-31,1,709.99,0.39,709.99,0.0,0
921,海信家电,2023-03-31,3,2470.9732,1.81,-210.1708,1.97,3
922,佳电股份,2023-03-31,1,690.2272,1.16,-342.9072,1.73,2
923,河钢资源,2023-03-31,1,534.56,0.82,534.56,0.0,0
926,福星股份,2023-03-31,1,499.54,0.53,97.26,0.42,1
928,中钢国际,2023-03-31,5,2876.1204,2.25,1576.6967,1.01,2
929,兰州黄河,2023-03-31,2,252.49,1.36,121.8,0.7,1
930,中粮科技,2023-03-31,3,1599.7467,0.86,80.5951,0.81,2
932,华菱钢铁,2023-03-31,1,5444.315,0.79,5444.315,0.0,0
933,神火股份,2023-03-31,4,12200.7768,5.42,-6664.6853,8.38,5
935,四川双马,2023-03-31,2,3132.6125,4.1,-714.4707,5.04,3
937,冀中能源,2023-03-31,3,2919.2332,0.83,-197.3884,0.88,3
951,中国重汽,2023-03-31,1,817.6804,0.7,-182.3284,0.85,1
957,中通客车,2023-03-31,1,308.51,0.52,30.22,0.47,1
960,锡业股份,2023-03-31,1,813.4853,0.49,-937.1836,1.06,2
961,中南建设,2023-03-31,3,3794.3765,0.99,-366.3574,1.09,3
963,华东医药,2023-03-31,4,8706.2335,4.96,113.34,4.9,4
965,天保基建,2023-03-31,1,364.577,0.33,72.14,0.26,1
969,安泰科技,2023-03-31,2,583.7817,0.57,221.79,0.35,1
970,中科三环,2023-03-31,1,568.8769,0.47,-231.58,0.66,1
975,银泰黄金,2023-03-31,3,15270.1068,5.5,1639.2602,4.91,3
977,浪潮信息,2023-03-31,3,1646.1125,1.12,368.606,0.87,3
978,桂林旅游,2023-03-31,1,176.97,0.38,176.97,0.0,0
983,山西焦煤,2023-03-31,1,2517.6223,0.48,-2811.39,1.3,2
989,九芝堂,2023-03-31,1,434.6,0.51,235.93,0.23,1
998,隆平高科,2023-03-31,3,6540.4863,4.97,2136.5921,3.34,3
999,华润三九,2023-03-31,7,7027.9241,7.11,1454.302,5.64,4
600537,亿晶光电,2023-03-31,1,1651.29,1.38,1651.29,0.0,0
600562,国睿科技,2023-03-31,1,645.43,0.52,-116.62,0.61,1
600576,祥源文旅,2023-03-31,2,1803.654,1.69,1310.314,0.46,1
600573,惠泉啤酒,2023-03-31,4,1008.87,4.04,900.08,0.44,1
600521,华海药业,2023-03-31,4,4944.7137,3.33,-1408.7156,4.28,4
600370,三房巷,2023-03-31,1,577.85,0.15,577.85,0.0,0
600460,士兰微,2023-03-31,3,4058.57,2.87,319.0828,2.64,3
600513,联环药业,2023-03-31,1,116.16,0.4,116.16,0.0,0
600375,汉马科技,2023-03-31,1,632.06,0.97,632.06,0.0,0
600502,安徽建工,2023-03-31,3,3020.273,1.76,1846.963,0.68,1
600481,双良节能,2023-03-31,1,1528.21,0.82,498.1646,0.55,1
600004,白云机场,2023-03-31,1,990.22,0.42,-2366.825,1.42,3
600459,贵研铂业,2023-03-31,3,4667.6976,6.13,374.5228,5.64,4
600392,盛和资源,2023-03-31,1,844.5251,0.48,-299.89,0.65,1
600584,长电科技,2023-03-31,5,8035.9251,4.52,1304.1725,3.78,4
600436,片仔癀,2023-03-31,1,812.7227,1.35,-4.39,1.35,1
600409,三友化工,2023-03-31,1,834.0,0.4,-1181.6484,0.98,2
600273,嘉化能源,2023-03-31,1,1274.79,0.91,-883.6235,1.54,2
600031,三一重工,2023-03-31,1,4571.0327,0.54,-223.2,0.56,1
600435,北方导航,2023-03-31,1,650.0,0.43,650.0,0.0,0
600439,瑞贝卡,2023-03-31,1,661.49,0.58,661.49,0.0,0
600475,华光环能,2023-03-31,7,2906.9682,3.08,2752.8207,0.16,1
600029,南方航空,2023-03-31,1,7064.4579,0.39,94.53,0.38,1
600546,山煤国际,2023-03-31,5,10549.602,5.32,-1790.4329,6.22,7
600489,中金黄金,2023-03-31,2,10723.7605,2.21,96.033,2.19,2
600348,华阳股份,2023-03-31,3,2980.6812,1.24,-1196.5251,1.74,4
600547,山东黄金,2023-03-31,1,2248.2653,0.5,153.9946,0.47,1
600449,宁夏建材,2023-03-31,1,166.2879,0.35,166.2879,0.0,0
600507,方大特钢,2023-03-31,1,757.6918,0.32,-270.59,0.44,1
600403,大有能源,2023-03-31,2,1428.4925,0.6,-721.1975,0.9,3
600406,国电南瑞,2023-03-31,1,2636.4617,0.39,-228.998,0.43,1
600469,风神股份,2023-03-31,1,360.44,0.49,360.44,0.0,0
600021,上海电力,2023-03-31,1,1361.18,0.48,-293.716,0.59,1
600184,光电股份,2023-03-31,1,252.4711,0.5,-6.59,0.51,1
600477,杭萧钢构,2023-03-31,1,1168.07,0.49,-397.42,0.66,1
600476,湘邮科技,2023-03-31,1,80.92,0.5,80.92,0.0,0
600325,华发股份,2023-03-31,3,9859.5159,4.66,-1716.3654,5.47,4
600438,通威股份,2023-03-31,2,7502.501,1.67,2334.2897,1.15,2
600479,千金药业,2023-03-31,4,2438.9271,5.67,619.8611,4.23,2
600284,浦东建设,2023-03-31,2,1449.8061,1.49,668.2411,0.81,1
600969,郴电国际,2023-03-31,1,279.48,0.76,279.48,0.0,0
600572,康恩贝,2023-03-31,2,8036.3488,3.13,1375.75,2.59,2
600988,赤峰黄金,2023-03-31,4,13319.5477,8.0,78.27,7.96,4
600976,健民集团,2023-03-31,6,1678.252,10.94,233.6757,9.42,5
600497,驰宏锌锗,2023-03-31,7,34778.3911,6.83,-2894.5783,7.4,6
600986,浙文互联,2023-03-31,2,2556.06,1.93,463.1785,1.58,2
600985,淮北矿业,2023-03-31,2,3070.7524,1.24,-196.1234,1.32,2
600990,四创电子,2023-03-31,2,367.8681,1.74,-50.769,1.98,3
600114,东睦股份,2023-03-31,2,1137.1759,1.84,-389.51,2.48,2
600980,北矿科技,2023-03-31,1,52.58,0.28,-1.26,0.28,1
600992,贵绳股份,2023-03-31,1,87.5036,0.36,87.5036,0.0,0
600993,马应龙,2023-03-31,1,343.5,0.8,-403.8251,1.73,2
600967,内蒙一机,2023-03-31,2,1775.131,1.04,215.5604,0.92,2
600491,龙元建设,2023-03-31,2,2576.1692,1.68,0.0,1.68,2
600495,晋西车轴,2023-03-31,1,269.5304,0.22,269.5304,0.0,0
600483,福能股份,2023-03-31,1,654.1616,0.33,-627.1303,0.66,2
600461,洪城环境,2023-03-31,3,2469.1095,2.27,-660.5422,2.87,4
600997,开滦股份,2023-03-31,4,2736.7827,1.72,648.5426,1.32,3
600966,博汇纸业,2023-03-31,4,2416.6227,1.81,349.0022,1.55,4
600975,新五丰,2023-03-31,6,6951.148,6.46,6336.3278,0.76,2
600420,国药现代,2023-03-31,1,805.89,0.69,805.89,0.0,0
2001,新和成,2023-03-31,1,1845.8933,0.6,233.88,0.52,1
2002,鸿达兴业,2023-03-31,2,2852.5978,0.91,-607.03,1.11,2
2003,伟星股份,2023-03-31,2,2785.5579,2.69,989.297,1.73,1
2006,精工科技,2023-03-31,1,1428.5695,3.14,1044.085,0.84,1
2007,华兰生物,2023-03-31,2,2854.3987,1.56,179.5929,1.47,2
600022,山东钢铁,2023-03-31,1,3427.5015,0.32,-1287.91,0.44,1
2011,盾安环境,2023-03-31,7,8794.0446,8.32,-377.2689,8.68,7
600982,宁波能源,2023-03-31,1,692.79,0.62,692.79,0.0,0
2014,永新股份,2023-03-31,1,493.69,0.81,58.5,0.71,1
2017,东信和平,2023-03-31,1,356.7693,0.8,356.7693,0.0,0
2025,航天电器,2023-03-31,4,2174.002,4.8,4.2421,4.79,4
600973,宝胜股份,2023-03-31,3,3517.4042,2.56,-110.3847,2.65,3
2028,思源电气,2023-03-31,4,4845.6216,6.29,-939.9104,7.51,5
2030,达安基因,2023-03-31,3,2736.543,1.95,474.4145,1.61,2
600971,恒源煤电,2023-03-31,5,3972.7675,3.31,-781.9252,3.96,5
2032,苏泊尔,2023-03-31,6,1872.4387,2.32,204.9432,2.06,4
2033,丽江股份,2023-03-31,4,2643.8293,4.81,-1704.3591,7.91,5
2034,旺能环境,2023-03-31,2,1953.5075,4.55,-162.27,4.93,2
2035,华帝股份,2023-03-31,2,1501.8003,1.77,718.5603,0.92,1
2036,联创电子,2023-03-31,3,6811.8501,6.34,-798.0732,7.09,3
2037,保利联合,2023-03-31,2,1143.37,2.36,-1047.91,4.53,3
600027,华电国际,2023-03-31,2,10725.5047,1.08,-3524.1308,1.44,3
600970,中材国际,2023-03-31,2,2183.0054,0.83,747.5204,0.63,1
2041,登海种业,2023-03-31,6,4940.3175,5.61,-96.99,5.72,6
2043,兔宝宝,2023-03-31,4,3122.6117,3.7,-1284.1971,5.7,5
2045,国光电器,2023-03-31,1,509.7315,1.09,509.7315,0.0,0
2046,国机精工,2023-03-31,4,2145.0017,4.05,-1890.3294,7.63,6
2048,宁波华翔,2023-03-31,2,3330.1975,4.09,-643.2633,4.88,3
2049,紫光国微,2023-03-31,5,5165.2469,6.08,220.2286,5.82,5
2050,三花智控,2023-03-31,4,10312.3583,2.87,5041.8967,1.47,2
601588,北辰实业,2023-03-31,1,1044.7387,0.31,204.0087,0.25,1
688396,华润微,2023-03-31,4,5817.4866,4.41,338.1219,4.15,4
600938,中国海油,2023-03-31,3,6814.4806,0.14,-5206.2774,0.25,3
601991,大唐发电,2023-03-31,4,19745.9126,1.07,3644.4666,0.87,3
601633,长城汽车,2023-03-31,5,8170.8261,0.96,-606.8815,1.0,5
601866,中远海发,2023-03-31,1,2360.6747,0.17,-891.72,0.24,1
688385,复旦微电,2023-03-31,5,3420.1286,4.19,2142.2081,1.56,2
300150,世纪瑞尔,2023-03-31,1,337.94,0.58,12.59,0.56,1
603927,中科软,2023-03-31,2,1090.2115,1.84,15.9915,1.81,2
2051,中工国际,2023-03-31,3,1312.5397,1.06,765.3797,0.44,1
2736,国信证券,2023-03-31,1,5998.3092,0.62,232.45,0.6,1
600999,招商证券,2023-03-31,1,8015.1703,0.92,296.6768,0.89,1
601456,国联证券,2023-03-31,3,4991.5149,1.76,-207.7361,1.84,3
2926,华西证券,2023-03-31,1,3490.1049,1.33,152.44,1.27,1
601236,红塔证券,2023-03-31,2,3311.6081,0.7,58.5756,0.69,2
600909,华安证券,2023-03-31,1,6010.0163,1.28,225.2856,1.23,1
601377,兴业证券,2023-03-31,2,25943.8529,3.0,1466.8216,2.83,2
601901,方正证券,2023-03-31,2,15494.7416,1.88,699.3327,1.8,2
601788,光大证券,2023-03-31,2,7169.923,1.56,827.2062,1.38,2
2500,山西证券,2023-03-31,2,8091.0483,2.25,380.86,2.15,2
2939,长城证券,2023-03-31,2,4220.0888,1.05,911.75,0.82,2
2797,第一创业,2023-03-31,2,12525.9941,2.98,640.43,2.83,2
2945,华林证券,2023-03-31,2,1072.1329,0.4,-360.77,0.53,3
600958,东方证券,2023-03-31,1,11288.7537,1.33,416.9959,1.28,1
601211,国泰君安,2023-03-31,1,9552.9221,1.07,360.7917,1.03,1
601162,天风证券,2023-03-31,2,24708.8682,2.85,24708.8682,0.0,0
601881,中国银河,2023-03-31,2,4896.4329,0.48,219.6123,0.46,2
2673,西部证券,2023-03-31,2,9543.3587,2.14,488.03,2.03,2
600918,中泰证券,2023-03-31,2,10496.6189,1.51,467.7975,1.44,2
600906,财达证券,2023-03-31,1,2686.1938,0.83,2686.1938,0.0,0
601696,中银证券,2023-03-31,2,5621.9531,2.02,-305.9803,2.13,2
601878,浙商证券,2023-03-31,2,7372.5359,1.9,409.1494,1.8,2
601375,中原证券,2023-03-31,2,9460.8698,2.04,471.84,1.94,2
601998,中信银行,2023-03-31,1,5244.0985,0.11,-229.8755,0.11,1
601628,中国人寿,2023-03-31,2,3175.5814,0.11,-1197.1329,0.15,3
601319,中国人保,2023-03-31,2,5576.3576,0.13,-2347.1214,0.18,3
601336,新华保险,2023-03-31,1,933.8194,0.3,-111.02,0.33,1
600032,浙江新能,2023-03-31,4,561.6392,0.27,87.3092,0.23,3
1979,招商蛇口,2023-03-31,1,6606.7408,0.85,-100.0044,0.87,1
2307,北新路桥,2023-03-31,2,814.49,0.64,0.0,0.64,2
300927,江天化学,2023-03-31,1,100.0992,0.69,100.0992,0.0,0
601155,新城控股,2023-03-31,3,3346.206,1.48,1455.4434,0.84,2
300181,佐力药业,2023-03-31,2,1225.4092,1.75,1225.4092,0.0,0
2110,三钢闽光,2023-03-31,1,1032.8714,0.42,-48.5627,0.44,1
603100,川仪股份,2023-03-31,5,3101.8092,7.85,597.112,6.34,5
2281,光迅科技,2023-03-31,3,577.054,0.74,-495.1509,1.54,5
688387,信科移动,2023-03-31,3,2414.385,0.71,2414.385,0.0,0
601857,中国石油,2023-03-31,1,8120.1401,0.04,8120.1401,0.0,0
688432,有研硅,2023-03-31,1,100.0,0.08,100.0,0.0,0
688981,中芯国际,2023-03-31,4,22441.4494,2.83,871.0514,2.73,4
2106,莱宝高科,2023-03-31,1,173.0427,0.25,173.0427,0.0,0
688183,生益电子,2023-03-31,1,459.0045,0.55,459.0045,0.0,0
601995,中金公司,2023-03-31,2,3166.3888,0.66,1462.4259,0.35,1
301039,中集车辆,2023-03-31,1,800.7,0.4,800.7,0.0,0
688777,中控技术,2023-03-31,2,2011.6952,4.03,-329.3777,4.71,2
688722,同益中,2023-03-31,1,220.6135,0.98,5.0881,0.96,1
688205,德科立,2023-03-31,6,237.8165,2.44,-85.6163,3.32,5
300077,国民技术,2023-03-31,2,1113.2638,1.87,-850.7145,3.3,2
601088,中国神华,2023-03-31,1,2595.9864,0.13,-226.42,0.14,1
2060,粤水电,2023-03-31,1,752.3124,0.22,-64.4676,0.68,1
601116,三江购物,2023-03-31,1,138.0166,0.25,-15.3,0.28,1
300105,龙源技术,2023-03-31,4,1401.3609,2.7,-1862.8359,6.29,5
688071,华依科技,2023-03-31,1,147.5486,2.03,0.0,2.03,1
688789,宏华数科,2023-03-31,1,50.0096,0.6,50.0096,0.0,0
300026,红日药业,2023-03-31,4,14774.9062,4.92,166.8596,4.86,5
2139,拓邦股份,2023-03-31,1,1859.7314,1.46,82.29,1.4,1
601333,广深铁路,2023-03-31,1,2122.5605,0.3,-5166.4399,1.03,1
2187,广百股份,2023-03-31,1,188.52,0.27,188.52,0.0,0
300342,天银机电,2023-03-31,1,335.404,0.79,335.404,0.0,0
300601,康泰生物,2023-03-31,4,4007.3338,3.59,532.8718,3.1,3
688300,联瑞新材,2023-03-31,1,125.9123,1.01,-32.5862,1.27,1
601512,中新集团,2023-03-31,3,1477.8231,0.99,1477.8231,0.0,0
2088,鲁阳节能,2023-03-31,4,3105.2618,6.13,-237.495,6.6,4
2643,万润股份,2023-03-31,2,4271.7408,4.59,-202.525,4.81,2
2332,仙琚制药,2023-03-31,4,6110.1765,6.18,-594.7341,6.78,4
601126,四方股份,2023-03-31,2,764.3631,0.94,394.8,0.45,1
2267,陕天然气,2023-03-31,2,1554.9132,1.4,-12.06,1.41,2
2153,石基信息,2023-03-31,2,3702.4748,1.76,1288.6956,1.15,1
300388,节能国祯,2023-03-31,1,190.77,0.27,190.77,0.0,0
601598,中国外运,2023-03-31,3,5165.547,0.71,2747.3056,0.33,2
2275,桂林三金,2023-03-31,1,627.4381,1.07,219.8051,0.69,1
2777,久远银海,2023-03-31,4,1442.9695,3.53,-84.1407,3.74,1
2063,远光软件,2023-03-31,3,4800.338,3.02,1456.8468,2.11,2
688388,嘉元科技,2023-03-31,5,1649.2981,5.42,160.5835,4.89,4
601038,一拖股份,2023-03-31,1,99.37,0.09,-5.9473,0.09,1
601111,中国国航,2023-03-31,2,8576.3865,0.53,-267.2,0.61,2
2205,国统股份,2023-03-31,1,99.31,0.53,99.31,0.0,0
603232,格尔软件,2023-03-31,2,482.754,2.07,284.954,0.85,1
2056,横店东磁,2023-03-31,5,8912.0342,5.48,816.4558,4.98,4
2940,昂利康,2023-03-31,2,849.7614,6.11,75.75,5.56,2
2116,中国海诚,2023-03-31,4,699.0538,1.63,321.82,0.88,2
300732,设研院,2023-03-31,1,169.652,0.52,169.652,0.0,0
603867,新化股份,2023-03-31,4,1257.5709,6.78,-210.5188,7.95,4
601838,成都银行,2023-03-31,1,3388.878,0.91,-611.0,1.07,1
2272,川润股份,2023-03-31,1,186.03,0.42,0.0,0.42,1
688278,特宝生物,2023-03-31,1,312.502,0.77,-441.5523,1.85,3
2338,奥普光电,2023-03-31,1,211.41,0.88,-84.77,1.23,2
603259,药明康德,2023-03-31,1,6253.6059,2.11,-9.5413,2.12,1
688265,南模生物,2023-03-31,1,55.0,0.71,-10.7654,0.84,1
603345,安井食品,2023-03-31,2,596.6814,2.03,-145.5287,2.53,3
601108,财通证券,2023-03-31,2,12258.19,2.64,535.2852,2.52,2
2185,华天科技,2023-03-31,3,12434.7803,3.88,1565.92,3.39,3
601099,太平洋,2023-03-31,4,29039.3276,4.26,629.5579,4.17,4
2600,领益智造,2023-03-31,2,4033.1117,0.57,1014.4632,0.43,2
300149,睿智医药,2023-03-31,1,1930.0,3.86,-291.7155,4.45,1
2320,海峡股份,2023-03-31,1,934.5443,0.42,934.5443,0.0,0
301188,力诺特玻,2023-03-31,3,783.1706,3.37,783.1706,0.0,0
300451,创业慧康,2023-03-31,4,14265.1034,9.21,-252.447,9.37,4
2195,二三四五,2023-03-31,2,7307.1426,1.28,-3199.71,1.84,2
2101,广东鸿图,2023-03-31,1,419.9952,0.79,-179.9974,1.13,1
2206,海利得,2023-03-31,2,5987.7296,5.13,-4336.4823,8.84,3
2196,方正电机,2023-03-31,2,1960.645,3.93,-743.487,5.42,3
2059,云南旅游,2023-03-31,1,361.96,0.36,64.62,0.29,1
688779,长远锂科,2023-03-31,2,5663.6708,2.94,1514.295,2.15,1
601168,西部矿业,2023-03-31,1,1141.3773,0.48,-429.48,0.66,1
2222,福晶科技,2023-03-31,2,509.05,1.19,136.32,0.87,2
688776,国光电气,2023-03-31,5,334.6707,4.32,25.8205,3.99,4
300294,博雅生物,2023-03-31,2,2077.1821,4.12,-97.0629,4.31,2
601128,常熟银行,2023-03-31,2,7557.7561,2.76,-2802.8975,3.78,2
2119,康强电子,2023-03-31,1,110.72,0.3,110.72,0.0,0
3036,泰坦股份,2023-03-31,2,389.19,1.8,167.5745,1.03,2
601068,中铝国际,2023-03-31,1,209.0,0.07,-88.87,0.1,1
2080,中材科技,2023-03-31,2,1444.3824,0.86,-173.1829,0.96,3
2061,浙江交科,2023-03-31,1,944.63,0.51,-345.2,0.69,1
601919,中远海控,2023-03-31,1,5010.834,0.31,-3791.0389,0.55,2
601066,中信建投,2023-03-31,3,5934.3394,0.77,114.5862,0.75,3
301207,华兰疫苗,2023-03-31,2,90.8362,0.23,-188.8233,0.7,7
603689,皖天然气,2023-03-31,1,186.56,0.39,-147.134,0.71,2
688203,海正生材,2023-03-31,6,916.2412,4.52,185.3271,3.61,5
2960,青鸟消防,2023-03-31,1,535.1494,0.95,-26.47,1.0,1
300034,钢研高纳,2023-03-31,4,3817.342,7.86,-699.2658,9.29,5
603237,五芳斋,2023-03-31,2,50.0075,0.49,-46.6136,0.96,3
300573,兴齐眼药,2023-03-31,3,636.8324,7.19,-82.807,8.13,4
601677,明泰铝业,2023-03-31,2,3425.6385,3.53,-2853.4655,6.47,3
601808,中海油服,2023-03-31,4,2304.2151,0.48,328.5911,0.41,3
2743,富煌钢构,2023-03-31,3,1551.7675,3.57,14.34,3.53,3
2534,西子洁能,2023-03-31,5,961.4561,1.3,-88.7907,1.42,5
601880,辽港股份,2023-03-31,1,4281.3573,0.18,-1610.95,0.25,1
2182,云海金属,2023-03-31,3,1994.3212,3.09,547.9021,2.24,3
603385,惠达卫浴,2023-03-31,1,327.81,0.85,327.81,0.0,0
600025,华能水电,2023-03-31,1,3759.689,0.21,-2447.1498,0.34,2
2430,杭氧股份,2023-03-31,1,869.2395,0.88,-500.0,1.39,2
2405,四维图新,2023-03-31,2,6062.2956,2.55,361.79,2.39,2
2176,江特电机,2023-03-31,5,9423.9136,5.52,-1107.708,6.17,5
300684,中石科技,2023-03-31,1,139.87,0.5,-830.0279,3.45,3
601001,晋控煤业,2023-03-31,4,7985.3356,4.77,-2817.4076,6.45,6
688363,华熙生物,2023-03-31,2,725.1801,1.51,-46.4776,1.6,2
603118,共进股份,2023-03-31,2,1227.1964,1.55,198.6964,1.3,2
2202,金风科技,2023-03-31,2,3709.0702,0.88,-1097.5618,1.14,3
601965,中国汽研,2023-03-31,6,4238.0455,4.22,1101.581,3.12,4
603508,思维列控,2023-03-31,1,249.9948,0.66,-449.1055,1.83,3
2463,沪电股份,2023-03-31,6,6618.6722,3.49,4039.8878,1.36,2
2425,凯撒文化,2023-03-31,3,1871.32,1.96,1098.05,0.81,1
688248,南网科技,2023-03-31,7,1052.6059,1.86,-445.2669,2.65,9
2146,荣盛发展,2023-03-31,1,1430.02,0.33,1430.02,0.0,0
2065,东华软件,2023-03-31,1,1351.3528,0.42,-491.07,0.57,1
2057,中钢天源,2023-03-31,1,3000.0576,3.95,164.9687,3.74,1
603093,南华期货,2023-03-31,2,1406.0068,2.3,1406.0068,0.0,0
600048,保利发展,2023-03-31,1,12581.6232,1.05,0.0,1.05,1
601699,潞安环能,2023-03-31,2,5899.1806,1.97,494.2039,1.81,2
603199,九华旅游,2023-03-31,5,598.42,5.41,180.78,3.77,3
2240,盛新锂能,2023-03-31,1,1833.1626,2.01,-96.48,2.12,1
2234,民和股份,2023-03-31,2,1002.2016,2.87,-80.26,3.1,3
2078,太阳纸业,2023-03-31,4,15815.0123,5.66,-1046.3891,6.03,4
2145,中核钛白,2023-03-31,2,7946.4155,2.05,-5719.5385,4.59,3
2064,华峰化学,2023-03-31,1,4275.2551,0.86,599.9872,0.74,1
2073,软控股份,2023-03-31,1,1066.51,1.1,1066.51,0.0,0
2208,合肥城建,2023-03-31,1,264.098,0.33,52.72,0.26,1
2079,苏州固锝,2023-03-31,1,695.3323,0.86,39.427,0.81,1
2141,贤丰控股,2023-03-31,1,625.5375,0.55,625.5375,0.0,0
601666,平煤股份,2023-03-31,1,2425.3335,1.05,-101.9709,1.09,1
600901,江苏金租,2023-03-31,1,1218.81,0.41,-1863.222,1.03,3
2068,黑猫股份,2023-03-31,6,7479.8988,10.0,859.8607,8.85,5
300024,机器人,2023-03-31,1,728.6506,0.47,-305.45,0.67,1
2396,星网锐捷,2023-03-31,1,331.4,0.56,-807.8067,1.95,3
601898,中煤能源,2023-03-31,2,4688.6395,0.35,-2760.5817,0.56,3
600989,宝丰能源,2023-03-31,1,3987.2372,0.54,-284.62,0.58,1
300376,易事特,2023-03-31,4,3958.8499,1.7,596.96,1.44,4
601015,陕西黑猫,2023-03-31,4,2865.5067,1.4,176.3795,1.32,3
601918,新集能源,2023-03-31,3,3138.9498,1.21,-1153.8057,1.66,3
2461,珠江啤酒,2023-03-31,4,2374.977,1.07,-507.1173,1.3,5
301058,中粮科工,2023-03-31,3,692.5759,1.35,-60.4265,1.47,3
688119,中钢洛耐,2023-03-31,1,224.56,0.2,224.56,0.0,0
2154,报喜鸟,2023-03-31,6,11679.0988,8.0,1905.1843,6.7,5
601058,赛轮轮胎,2023-03-31,4,22168.6414,7.24,2664.4706,6.37,3
2074,国轩高科,2023-03-31,3,5278.1021,2.97,119.521,2.9,3
300049,福瑞股份,2023-03-31,3,1292.5859,4.91,551.53,2.82,2
2843,泰嘉股份,2023-03-31,1,472.7382,2.23,-522.0,4.7,3
601800,中国交建,2023-03-31,2,4285.7899,0.27,-2017.1774,0.39,3
2386,天原股份,2023-03-31,1,336.219,0.33,-763.9399,1.08,2
2092,中泰化学,2023-03-31,1,1269.0514,0.49,-475.68,0.67,1
601872,招商轮船,2023-03-31,3,10537.3777,1.3,6105.2574,0.55,1
2093,国脉科技,2023-03-31,1,133.9014,0.13,133.9014,0.0,0
2100,天康生物,2023-03-31,2,2903.8839,2.14,1043.41,1.37,2
601101,昊华能源,2023-03-31,3,1546.3779,1.07,-434.564,1.38,3
601908,京运通,2023-03-31,4,9506.3291,3.94,547.5238,3.71,4
603693,江苏新能,2023-03-31,1,106.0158,0.12,-115.445,0.25,2
2105,信隆健康,2023-03-31,2,903.5905,2.45,0.0,2.45,2
2917,金奥博,2023-03-31,1,366.26,1.05,0.0,1.05,1
603360,百傲化学,2023-03-31,2,220.38,0.85,48.8625,0.66,1
688187,时代电气,2023-03-31,5,2815.6015,1.99,-1335.4043,2.93,4
2121,科陆电子,2023-03-31,5,8248.4009,5.86,4318.9701,2.79,3
2115,三维通信,2023-03-31,1,269.11,0.33,269.11,0.0,0
2114,罗平锌电,2023-03-31,1,184.88,0.57,17.72,0.52,1
2120,韵达股份,2023-03-31,5,20603.7001,7.1,5140.6504,5.33,3
2250,联化科技,2023-03-31,6,9469.0672,10.26,307.7892,9.92,5
601177,杭齿前进,2023-03-31,1,224.01,0.56,224.01,0.0,0
2349,精华制药,2023-03-31,1,139.18,0.17,-28.71,0.21,1
2135,东南网架,2023-03-31,1,573.4424,0.49,-234.28,0.69,1
2124,天邦食品,2023-03-31,3,3220.4544,1.75,-241.2704,1.88,3
601003,柳钢股份,2023-03-31,4,4320.9683,1.69,4320.9683,0.0,0
603348,文灿股份,2023-03-31,4,2243.881,8.51,386.4593,7.05,3
2123,梦网科技,2023-03-31,1,3964.33,4.94,-28.92,4.98,1
601007,金陵饭店,2023-03-31,4,1649.657,4.23,-651.704,5.9,5
603888,新华网,2023-03-31,1,181.9466,0.35,181.9466,0.0,0
2126,银轮股份,2023-03-31,3,3645.8479,4.6,751.599,3.65,2
688599,天合光能,2023-03-31,4,11271.3278,5.19,1207.8882,4.64,4
300760,迈瑞医疗,2023-03-31,2,2228.225,1.84,-171.1535,1.98,2
2129,TCL中环,2023-03-31,4,10181.3259,3.15,677.7643,2.94,4
601658,邮储银行,2023-03-31,1,6888.7404,0.07,6888.7404,0.0,0
2127,南极电商,2023-03-31,1,1230.29,0.5,-429.67,0.68,1
2131,利欧股份,2023-03-31,2,8650.7802,1.28,-3838.95,1.85,2
601118,海南橡胶,2023-03-31,2,2100.8695,0.49,-696.27,0.65,2
2136,安纳达,2023-03-31,1,145.26,0.68,145.26,0.0,0
601958,金钼股份,2023-03-31,2,1710.693,0.53,-911.59,0.81,3
2705,新宝股份,2023-03-31,2,699.8045,0.85,-512.2486,1.47,2
688232,新点软件,2023-03-31,7,2323.3159,7.04,1008.9289,3.98,4
300016,北陆药业,2023-03-31,1,181.99,0.37,181.99,0.0,0
300803,指南针,2023-03-31,1,244.2603,0.6,244.2603,0.0,0
603993,洛阳钼业,2023-03-31,1,18860.98,0.87,0.0,0.87,1
2138,顺络电子,2023-03-31,2,5609.1872,6.96,-120.0,7.11,2
300373,扬杰科技,2023-03-31,4,1510.3375,2.95,-231.8444,3.4,4
601811,新华文轩,2023-03-31,2,826.871,0.67,249.8,0.47,1
2170,芭田股份,2023-03-31,1,367.39,0.41,367.39,0.0,0
601028,玉龙股份,2023-03-31,1,729.5493,0.93,-462.497,1.52,1
2144,宏达高科,2023-03-31,1,141.11,0.8,141.11,0.0,0
2371,北方华创,2023-03-31,4,2401.7905,4.54,-226.1695,4.97,4
2159,三特索道,2023-03-31,2,357.23,2.01,-31.23,2.19,2
2152,广电运通,2023-03-31,1,729.8873,0.29,-285.23,0.41,1
2149,西部材料,2023-03-31,4,3756.6989,7.69,308.57,7.06,4
2157,*ST正邦,2023-03-31,1,1375.5822,0.43,220.0208,0.36,1
2151,北斗星通,2023-03-31,2,598.4685,1.17,289.81,0.6,1
2156,通富微电,2023-03-31,5,4466.2038,2.95,164.1792,2.84,5
2155,湖南黄金,2023-03-31,3,5359.4453,4.46,-1038.9101,5.32,3
2158,汉钟精机,2023-03-31,2,1455.9852,2.72,-268.17,3.22,3
2160,常铝股份,2023-03-31,2,1049.7969,1.02,604.9669,0.56,1
2254,泰和新材,2023-03-31,1,523.5756,0.61,-1418.7159,2.76,3
2163,海南发展,2023-03-31,1,481.5159,0.57,-117.51,0.71,1
688122,西部超导,2023-03-31,4,4532.0241,9.77,-168.2489,10.13,4
688269,凯立新材,2023-03-31,3,605.6584,4.63,-138.1228,5.69,4
2192,融捷股份,2023-03-31,5,1361.9887,5.25,-738.2726,8.09,6
601200,上海环境,2023-03-31,1,211.7404,0.19,211.7404,0.0,0
603069,海汽集团,2023-03-31,4,458.1911,1.45,122.2311,1.06,2
2174,游族网络,2023-03-31,1,694.9735,0.76,-45.0365,0.81,1
2179,中航光电,2023-03-31,1,2775.3392,1.7,-1212.2519,2.44,2
2180,纳思达,2023-03-31,5,7281.7669,5.14,2953.5505,3.06,3
2304,洋河股份,2023-03-31,3,7528.3844,5.0,-1252.3197,5.83,3
603861,白云电器,2023-03-31,2,337.7273,0.77,-38.9327,0.86,2
2544,普天科技,2023-03-31,1,900.0287,1.32,-152.07,1.54,1
300161,华中数控,2023-03-31,5,1263.346,6.36,-93.7399,6.83,4
2423,中粮资本,2023-03-31,1,662.4074,0.29,662.4074,0.0,0
688586,江航装备,2023-03-31,2,686.3062,1.21,525.7181,0.28,1
2191,劲嘉股份,2023-03-31,1,647.5759,0.44,-2659.74,2.25,3
2407,多氟多,2023-03-31,4,1619.5138,2.11,67.0428,2.03,3
2436,兴森科技,2023-03-31,2,2943.3351,1.74,394.9232,1.51,2
2583,海能达,2023-03-31,4,11600.0,6.39,11600.0,0.0,0
601999,出版传媒,2023-03-31,1,314.3426,0.57,-260.9174,1.04,3
2204,大连重工,2023-03-31,2,742.7723,0.38,350.0123,0.2,1
2454,松芝股份,2023-03-31,1,378.16,0.6,138.14,0.38,1
601579,会稽山,2023-03-31,1,245.69,0.51,-14.83,0.52,2
601139,深圳燃气,2023-03-31,1,907.0789,0.32,907.0789,0.0,0
601238,广汽集团,2023-03-31,1,1436.4318,0.14,1436.4318,0.0,0
2397,梦洁股份,2023-03-31,2,2095.31,2.78,1217.07,1.16,2
2213,大为股份,2023-03-31,1,583.53,2.47,0.0,2.47,1
2212,天融信,2023-03-31,1,1608.8325,1.36,1608.8325,0.0,0
2215,诺普信,2023-03-31,3,2174.5184,2.19,2174.5184,0.0,0
688276,百克生物,2023-03-31,1,207.1771,0.5,-698.0485,2.19,3
600968,海油发展,2023-03-31,6,16998.913,1.67,-605.41,1.73,6
301041,金百泽,2023-03-31,1,33.41,0.31,33.41,0.0,0
603323,苏农银行,2023-03-31,4,15254.0417,8.46,-1862.45,9.49,4
300114,中航电测,2023-03-31,2,1084.0671,1.84,926.9196,0.27,1
603087,甘李药业,2023-03-31,2,631.9304,1.12,63.4054,1.01,2
2443,金洲管道,2023-03-31,4,724.44,1.39,37.18,1.32,4
688425,铁建重工,2023-03-31,6,12062.3686,2.26,12062.3686,0.0,0
2223,鱼跃医疗,2023-03-31,5,6501.3666,6.49,3403.6223,3.09,4
2244,滨江集团,2023-03-31,1,4192.7821,1.35,418.5976,1.21,1
2227,奥特迅,2023-03-31,1,87.57,0.35,87.57,0.0,0
2237,恒邦股份,2023-03-31,2,1428.3335,1.24,660.8794,0.67,1
2235,安妮股份,2023-03-31,1,277.9983,0.48,277.9983,0.0,0
600939,重庆建工,2023-03-31,2,941.2662,0.49,-141.89,0.57,2
2233,塔牌集团,2023-03-31,2,1653.4883,1.39,1653.4883,0.0,0
2236,大华股份,2023-03-31,1,1405.4931,0.46,1405.4931,0.0,0
601198,东兴证券,2023-03-31,2,7363.7882,2.28,298.5882,2.19,2
2252,上海莱士,2023-03-31,1,7573.491,1.12,-61.84,1.13,1
688128,中国电研,2023-03-31,4,776.9988,1.92,-47.9186,2.04,3
2372,伟星新材,2023-03-31,2,2134.0204,1.34,-1133.8955,2.05,3
2245,蔚蓝锂芯,2023-03-31,1,1290.27,1.12,-1842.4466,2.72,3
2242,九阳股份,2023-03-31,1,335.3862,0.44,-614.868,1.24,3
603357,设计总院,2023-03-31,4,1051.0247,2.25,1051.0247,0.0,0
2251,步步高,2023-03-31,1,248.16,0.29,-1.25,0.29,1
300687,赛意信息,2023-03-31,1,465.0589,1.15,-574.205,2.57,1
2908,德生科技,2023-03-31,3,528.7101,1.71,-587.3502,3.62,3
2262,恩华药业,2023-03-31,1,1506.0,1.49,398.96,1.1,1
2560,通达股份,2023-03-31,1,276.6,0.52,-506.0683,1.48,3
2258,利尔化学,2023-03-31,2,2620.6534,3.27,-155.2629,3.47,2
2419,天虹股份,2023-03-31,2,747.2302,0.64,226.18,0.45,2
2322,理工能科,2023-03-31,1,468.94,1.24,468.94,0.0,0
2985,北摩高科,2023-03-31,2,697.9849,2.1,450.7856,0.74,1
688569,铁科轨道,2023-03-31,4,395.4131,1.88,395.4131,0.0,0
2805,丰元股份,2023-03-31,1,56.06,0.28,-6.32,0.31,1
601216,君正集团,2023-03-31,1,6710.3983,0.8,-283.4503,0.83,1
300054,鼎龙股份,2023-03-31,2,4531.1237,4.78,-1061.0253,5.9,4
601668,中国建筑,2023-03-31,3,43967.2653,1.05,-15755.442,1.42,4
688369,致远互联,2023-03-31,5,1217.3148,15.75,-156.6145,17.78,5
2271,东方雨虹,2023-03-31,1,3999.862,1.59,-2271.442,2.49,2
2268,电科网安,2023-03-31,3,1329.0578,1.57,-3598.2615,5.83,5
300680,隆盛科技,2023-03-31,5,1373.082,5.94,-635.2159,8.69,6
2446,盛路通信,2023-03-31,2,1210.1264,1.32,-1754.8195,3.25,4
2270,华明装备,2023-03-31,3,4075.5201,4.55,-2273.6773,7.08,5
300079,数码视讯,2023-03-31,1,675.8286,0.47,-251.63,0.65,1
2601,龙佰集团,2023-03-31,2,6222.1602,2.6,-300.0,2.73,2
300233,金城医药,2023-03-31,3,948.3675,2.45,628.3593,0.83,1
605358,立昂微,2023-03-31,1,1161.4538,1.72,47.6423,1.65,1
300115,长盈精密,2023-03-31,4,4881.7158,4.06,-825.6752,4.75,5
300015,爱尔眼科,2023-03-31,4,32893.7785,4.58,-693.6332,4.68,4
2299,圣农发展,2023-03-31,3,3181.1779,2.56,-939.7879,3.31,4
300747,锐科激光,2023-03-31,1,763.3084,1.35,-246.472,1.78,2
2636,金安国纪,2023-03-31,1,112.8109,0.15,112.8109,0.0,0
2276,万马股份,2023-03-31,2,1078.21,1.04,-437.12,1.46,4
2438,江苏神通,2023-03-31,1,1697.7561,3.35,128.93,3.09,1
2942,新农股份,2023-03-31,2,388.41,2.49,388.41,0.0,0
688055,龙腾光电,2023-03-31,1,352.6359,0.11,352.6359,0.0,0
2599,盛通股份,2023-03-31,1,403.09,0.75,15.38,0.72,1
603013,亚普股份,2023-03-31,3,444.5487,0.87,376.1887,0.13,1
601500,通用股份,2023-03-31,1,333.12,0.21,-2520.6,2.21,2
2285,世联行,2023-03-31,1,800.52,0.39,800.52,0.0,0
601969,海南矿业,2023-03-31,2,613.029,0.3,-132.151,0.37,2
300070,碧水源,2023-03-31,1,1599.3002,0.44,-351.6905,0.54,1
2782,可立克,2023-03-31,4,1212.7735,2.47,255.9835,2.01,4
2811,郑中设计,2023-03-31,1,169.7,0.62,169.7,0.0,0
2291,遥望科技,2023-03-31,3,5183.7971,5.69,-1977.9409,7.86,5
2292,奥飞娱乐,2023-03-31,2,1774.0,1.2,1774.0,0.0,0
2294,信立泰,2023-03-31,2,1365.2003,1.22,56.78,1.17,2
603799,华友钴业,2023-03-31,4,5491.7497,3.43,178.963,3.32,4
2529,海源复材,2023-03-31,3,1205.45,4.64,495.18,2.73,2
688687,凯因科技,2023-03-31,6,1596.6872,9.34,224.2143,8.03,5
300052,中青宝,2023-03-31,2,278.0229,1.06,12.9828,1.01,1
300759,康龙化成,2023-03-31,1,4851.1773,4.07,0.0,4.07,1
300344,立方数科,2023-03-31,2,820.79,1.28,820.79,0.0,0
601618,中国中冶,2023-03-31,1,6389.51,0.31,-2451.6,0.43,1
603337,杰克股份,2023-03-31,2,1688.7391,3.47,43.7351,3.38,2
300353,东土科技,2023-03-31,2,807.96,1.52,-197.5513,1.89,2
688660,电气风电,2023-03-31,2,1602.3795,1.2,-266.3093,1.4,2
603053,成都燃气,2023-03-31,1,225.42,0.25,225.42,0.0,0
600903,贵州燃气,2023-03-31,1,570.315,0.5,570.315,0.0,0
2478,常宝股份,2023-03-31,2,2090.23,2.35,0.0,2.34,2
603733,仙鹤股份,2023-03-31,1,404.9096,0.57,-955.3474,1.93,2
300075,数字政通,2023-03-31,2,680.0097,1.34,-309.34,1.94,3
2412,汉森制药,2023-03-31,1,229.2,0.46,229.2,0.0,0
300171,东富龙,2023-03-31,1,510.0,0.68,-322.7975,1.31,1
2506,协鑫集成,2023-03-31,1,5178.3387,0.89,5178.3387,0.0,0
300285,国瓷材料,2023-03-31,4,7753.3415,7.72,-173.2519,7.9,4
605151,西上海,2023-03-31,1,57.9032,0.43,57.9032,0.0,0
601888,中国中免,2023-03-31,3,3595.603,1.74,969.703,1.27,2
2315,焦点科技,2023-03-31,2,319.17,1.03,-191.98,1.64,1
2303,美盈森,2023-03-31,1,1807.18,1.18,733.44,0.7,1
2305,南国置业,2023-03-31,4,4033.16,2.33,2095.08,1.12,2
300264,佳创视讯,2023-03-31,1,175.18,0.41,175.18,0.0,0
300012,华测检测,2023-03-31,2,5943.0311,3.53,-2333.598,4.92,3
300007,汉威科技,2023-03-31,4,1512.1007,4.63,-426.2801,5.94,5
300033,同花顺,2023-03-31,3,1137.8493,2.12,-283.0077,2.64,3
300037,新宙邦,2023-03-31,3,4880.8019,6.55,514.0642,5.86,3
603018,华设集团,2023-03-31,2,2565.546,3.75,792.4628,2.59,1
300031,宝通科技,2023-03-31,1,501.03,1.22,168.0208,0.81,1
300463,迈克生物,2023-03-31,1,752.042,1.23,178.25,0.94,1
300101,振芯科技,2023-03-31,8,7948.1398,14.08,3326.5728,8.25,7
2756,永兴材料,2023-03-31,3,1237.0184,2.98,-470.6662,4.12,5
300045,华力创通,2023-03-31,1,292.4737,0.44,292.4737,0.0,0
300003,乐普医疗,2023-03-31,2,4122.704,2.19,2387.9805,0.92,1
2495,佳隆股份,2023-03-31,1,489.93,0.52,79.93,0.44,1
300238,冠昊生物,2023-03-31,1,328.72,1.24,328.72,0.0,0
300035,中科电气,2023-03-31,5,6065.1279,8.39,-505.8035,9.08,5
300001,特锐德,2023-03-31,2,1105.1809,1.06,495.6588,0.59,1
603639,海利尔,2023-03-31,1,631.897,1.86,-977.8311,4.73,3
300009,安科生物,2023-03-31,2,2997.8184,1.79,1104.3602,1.13,1
300087,荃银高科,2023-03-31,5,5934.5013,8.77,-318.1745,9.24,5
300142,沃森生物,2023-03-31,1,2828.5621,1.76,-2080.1773,3.06,2
301227,森鹰窗业,2023-03-31,6,299.9029,3.16,-27.7216,3.46,7
2311,海大集团,2023-03-31,2,5899.9832,3.55,0.0,3.55,2
2312,川发龙蟒,2023-03-31,1,1038.16,0.55,0.0,0.55,1
300127,银河磁体,2023-03-31,1,53.62,0.17,-1.39,0.17,1
2377,国创高新,2023-03-31,1,480.29,0.52,480.29,0.0,0
300454,深信服,2023-03-31,4,2045.2784,4.91,-349.8244,5.76,4
300593,新雷能,2023-03-31,4,3391.3679,8.2,-930.6218,10.53,4
300407,凯发电气,2023-03-31,1,368.92,1.21,368.92,0.0,0
2400,省广集团,2023-03-31,1,997.32,0.57,-412.55,0.81,1
2568,百润股份,2023-03-31,4,7740.5189,7.37,-168.35,7.53,4
2324,普利特,2023-03-31,4,5557.546,5.46,-110.036,5.59,4
601799,星宇股份,2023-03-31,4,1022.9808,3.58,-201.3302,4.29,5
2314,南山控股,2023-03-31,3,1729.92,0.64,1153.25,0.21,1
601519,大智慧,2023-03-31,1,600.0,0.29,600.0,0.0,0
2327,富安娜,2023-03-31,4,3790.0729,4.57,-281.08,4.91,4
2318,久立特材,2023-03-31,1,1669.1754,1.71,-4542.0166,6.36,3
2317,众生药业,2023-03-31,2,1837.8462,2.26,-1126.0312,3.64,2
688598,金博股份,2023-03-31,6,1141.8275,12.14,484.1912,6.99,4
2474,榕基软件,2023-03-31,1,175.38,0.28,175.38,0.0,0
300014,亿纬锂能,2023-03-31,5,6885.3082,3.37,602.3818,3.08,5
601801,皖新传媒,2023-03-31,3,2137.73,1.07,451.41,0.85,2
601877,正泰电器,2023-03-31,1,1360.7185,0.63,1360.7185,0.0,0
300017,网宿科技,2023-03-31,2,2637.5735,1.08,-952.03,1.47,2
300019,硅宝科技,2023-03-31,1,380.28,0.97,380.28,0.0,0
2385,大北农,2023-03-31,3,8422.5881,2.03,-5969.8643,3.48,4
2326,永太科技,2023-03-31,1,369.9607,0.42,-33.86,0.46,1
2329,皇氏集团,2023-03-31,1,121.63,0.14,-20.72,0.17,1
2334,英威腾,2023-03-31,4,5602.6844,7.16,4877.3445,0.93,1
2335,科华数据,2023-03-31,3,1583.3246,3.43,-809.2207,5.18,4
300624,万兴科技,2023-03-31,2,269.306,2.07,177.8146,0.7,1
2340,格林美,2023-03-31,4,12969.4835,2.53,5447.0435,1.46,2
2345,潮宏基,2023-03-31,5,5752.1575,6.47,2378.604,3.8,2
2906,华阳集团,2023-03-31,5,3282.5755,6.89,1121.2183,4.54,4
300999,金龙鱼,2023-03-31,2,837.4763,0.15,217.49,0.11,2
2351,漫步者,2023-03-31,1,1233.905,1.39,1233.905,0.0,0
603569,长久物流,2023-03-31,2,196.6505,0.35,196.6505,0.0,0
2353,杰瑞股份,2023-03-31,4,6088.3759,5.93,-385.9439,6.3,4
2375,亚厦股份,2023-03-31,1,2108.0485,1.57,-611.24,2.03,1
300039,上海凯宝,2023-03-31,1,211.12,0.2,211.12,0.0,0
300775,三角防务,2023-03-31,3,3109.8495,5.66,-66.37,6.36,3
2368,太极股份,2023-03-31,1,301.3668,0.5,301.3668,0.0,0
2373,千方科技,2023-03-31,1,4803.9465,3.04,4803.9465,0.0,0
