cd,cn,fc,lc,lwc,hgc,scd,snm,fxgm,hsgm,sygm,fdt,ipodt,lst,edt,yrs,new_ccd,new_scd,sw1,sw2
113567,君禾转债,117.96,126.199,91.6,178.049,603617,君禾股份,2.1,0,0.007,2020/3/4,2020/4/3,2023/3/9,2026/3/3,3,113567.SH,603617.SH,机械设备(2021),通用设备(2021)
123105,拓尔转债,100.22,245.5,99.601,245.5,300229,拓尔思,8,0,0.018,2021/3/19,2021/4/27,2023/3/2,2027/3/19,2,123105.SZ,300229.SZ,计算机(2021),软件开发(2021)
128145,日丰转债,107.7,122.499,106.217,204,2953,日丰股份,3.8,0,0.026,2021/3/22,2021/4/16,2023/2/24,2027/3/21,1.9,128145.SZ,002953.SZ,电力设备(2021),电网设备(2021)
128040,华通转债,96.6,153.977,85.01,234.58,2758,浙农股份,2.24,0,0.017,2018/6/14,2018/7/13,2023/2/23,2024/6/13,4.7,128040.SZ,002758.SZ,汽车(2021),汽车服务(2021)
123060,苏试转债,139,214.9,112,278,300416,苏试试验,3.1,0,0.009,2020/7/21,2020/8/17,2023/1/9,2026/7/20,2.5,123060.SZ,300416.SZ,社会服务(2021),专业服务(2021)
123125,元力转债,111.4,117.9,106.3,149.5,300174,元力股份,9,0,0.037,2021/9/6,2021/9/30,2023/1/3,2027/9/6,1.3,123125.SZ,300174.SZ,基础化工(2021),化学制品(2021)
113525,台华转债,101.12,132.045,94.49,273.24,603055,台华新材,5.33,0,0.014,2018/12/17,2019/1/11,2022/12/30,2024/12/16,4,113525.SH,603055.SH,纺织服饰(2021),纺织制造(2021)
128029,太阳转债,124.53,139.352,95.803,267.288,2078,太阳纸业,12,0,0.196,2017/12/22,2018/1/16,2022/12/19,2022/12/22,5,128029.SZ,002078.SZ,轻工制造(2021),造纸(2021)
123123,江丰转债,130,134.2,112.8,212.702,300666,江丰电子,5.165,0,0.026,2021/8/12,2021/9/1,2022/12/16,2027/8/11,1.3,123123.SZ,300666.SZ,电子(2021),半导体(2021)
128022,众信转债,101.52,175,90.18,188.39,2707,众信旅游,7,0,0.01,2017/12/1,2017/12/28,2022/12/15,2023/12/1,5,128022.SZ,002707.SZ,社会服务(2021),旅游及景区(2021)
128069,华森转债,100.51,131.852,89.411,186,2907,华森制药,3,0,0.02,2019/6/24,2019/7/11,2022/12/12,2025/6/24,3.5,128069.SZ,002907.SZ,医药生物(2021),中药Ⅱ(2021)
128015,久其转债,116.1,120.5,87.99,156,2279,久其软件,7.8,0,0.033,2017/6/8,2017/6/27,2022/12/6,2023/6/8,5.5,128015.SZ,002279.SZ,计算机(2021),软件开发(2021)
110056,亨通转债,111.59,109.003,94.82,152.785,600487,亨通光电,17.33,0,0.166,2019/3/19,2019/4/16,2022/11/30,2025/3/19,3.7,110056.SH,600487.SH,通信(2021),通信设备(2021)
123139,铂科转债,130,114.005,114.005,214,300811,铂科新材,4.3,0,0.031,2022/3/11,2022/3/31,2022/11/25,2028/3/11,0.7,123139.SZ,300811.SZ,有色金属(2021),金属新材料(2021)
123110,九典转债,129.4,137.77,112.3,168,300705,九典制药,2.7,0,0.01,2021/4/1,2021/4/23,2022/11/22,2027/3/31,1.6,123110.SZ,300705.SZ,医药生物(2021),化学制药(2021)
113642,上22转债,120.01,128.339,110.54,196.143,603185,上机数控,24.7,0,0.052,2022/3/1,2022/4/6,2022/11/10,2028/3/1,0.7,113642.SH,603185.SH,电力设备(2021),光伏设备(2021)
110038,济川转债,101.75,134.332,101.11,150.57,600566,济川药业,8.43,0,0.074,2017/11/13,2017/11/29,2022/11/8,2022/11/12,5,110038.SH,600566.SH,医药生物(2021),中药Ⅱ(2021)
128046,利尔转债,103.01,141.5,98.398,205.009,2258,利尔化学,8.52,0,0.009,2018/10/17,2018/11/9,2022/10/31,2024/10/17,4,128046.SZ,002258.SZ,基础化工(2021),农化制品(2021)
128073,哈尔转债,111.4,109.999,89.23,161.1,2615,哈尔斯,3,0,0.019,2019/8/22,2019/9/11,2022/10/27,2024/8/22,3.2,128073.SZ,002615.SZ,轻工制造(2021),家居用品(2021)
123027,蓝晓转债,107.8,403.133,107.2,476.3,300487,蓝晓科技,3.4,0,0.004,2019/6/11,2019/7/4,2022/10/18,2025/6/10,3.4,123027.SZ,300487.SZ,基础化工(2021),塑料(2021)
113635,升21转债,132.89,118.324,107.92,150.674,603305,旭升集团,13.5,0,0.043,2021/12/10,2021/12/30,2022/9/23,2027/12/10,0.8,113635.SH,603305.SH,汽车(2021),汽车零部件(2021)
123137,锦浪转债,138,155,115.99,195,300763,锦浪科技,8.97,0,0.097,2022/2/10,2022/3/2,2022/9/21,2028/2/10,0.6,123137.SZ,300763.SZ,电力设备(2021),光伏设备(2021)
118001,金博转债,132.13,108.794,105.085,175.41,688598,金博股份,6,0,0.061,2021/7/23,2021/8/18,2022/9/20,2027/7/22,1.2,118001.SH,688598.SH,电力设备(2021),光伏设备(2021)
113502,嘉澳转债,122.8,117.524,85,175.805,603822,嘉澳环保,1.85,0,0.044,2017/11/10,2017/11/27,2022/9/19,2023/11/9,4.9,113502.SH,603822.SH,基础化工(2021),化学制品(2021)
123023,迪森转债,109.37,107.777,85.025,178.1,300335,迪森股份,6,0,0.065,2019/3/20,2019/4/16,2022/9/19,2025/3/20,3.5,123023.SZ,300335.SZ,公用事业(2021),电力(2021)
123062,三超转债,128.2,143.6,102,223,300554,三超新材,1.95,0,0.026,2020/7/27,2020/8/17,2022/9/8,2026/7/26,2.1,123062.SZ,300554.SZ,机械设备(2021),通用设备(2021)
123097,美力转债,100.5,103.321,100.3,155.598,300611,美力科技,3,0,0.035,2021/1/27,2021/2/24,2022/9/2,2027/1/26,1.6,123097.SZ,300611.SZ,汽车(2021),汽车零部件(2021)
127048,中大转债,129.999,180.02,113.678,293.246,2896,中大力德,2.7,0,0.021,2021/10/26,2021/11/24,2022/8/29,2027/10/26,0.8,127048.SZ,002896.SZ,机械设备(2021),通用设备(2021)
113620,傲农转债,104.28,150.843,100.06,181.83,603363,傲农生物,10,0,0.018,2021/3/10,2021/4/2,2022/8/26,2027/3/9,1.5,113620.SH,603363.SH,农林牧渔(2021),饲料(2021)
123045,雷迪转债,105.663,141.666,92.805,186.316,300652,雷迪克,2.88,0,0.012,2020/3/12,2020/4/13,2022/8/26,2026/3/11,2.5,123045.SZ,300652.SZ,汽车(2021),汽车零部件(2021)
123086,海兰转债,89.15,166.011,89.15,302.69,300065,海兰信,7.3,0,0.025,2020/12/11,2021/2/8,2022/8/23,2026/12/10,1.7,123086.SZ,300065.SZ,国防军工(2021),航海装备Ⅱ(2021)
123084,高澜转债,94.162,154,90.76,264.1,300499,高澜股份,2.8,0,0.02,2020/12/10,2021/1/8,2022/8/19,2026/12/9,1.7,123084.SZ,300499.SZ,机械设备(2021),专用设备(2021)
128139,祥鑫转债,96.922,293,91.33,293,2965,祥鑫科技,6.47,0,0.033,2020/12/1,2020/12/24,2022/8/18,2026/11/30,1.7,128139.SZ,002965.SZ,汽车(2021),汽车零部件(2021)
123073,同和转债,127,140.388,95.105,253.8,300636,同和药业,3.6,0,0.04,2020/10/26,2020/11/16,2022/8/15,2026/10/25,1.8,123073.SZ,300636.SZ,医药生物(2021),化学制药(2021)
113548,石英转债,112.35,982.741,110.75,1065.9,603688,石英股份,3.6,0,0.002,2019/10/28,2019/11/22,2022/8/9,2025/10/27,2.8,113548.SH,603688.SH,基础化工(2021),非金属材料Ⅱ(2021)
113630,赛伍转债,142.1,130.45,112.77,161.12,603212,赛伍技术,7,0,0.067,2021/10/27,2021/11/23,2022/7/29,2027/10/27,0.8,113630.SH,603212.SH,电力设备(2021),光伏设备(2021)
123070,鹏辉转债,120.4,369.2,104.5,409.6,300438,鹏辉能源,8.9,0,0.025,2020/10/20,2020/11/6,2022/7/28,2026/10/19,1.8,123070.SZ,300438.SZ,电力设备(2021),电池(2021)
113599,嘉友转债,121.75,142.36,92.6,158.53,603871,嘉友国际,7.2,0,0.03,2020/8/5,2020/9/7,2022/7/25,2026/8/4,2,113599.SH,603871.SH,交通运输(2021),物流(2021)
128013,洪涛转债,123.29,107.797,82.799,147.015,2325,洪涛股份,12,0,0.741,2016/7/29,2016/8/23,2022/7/14,2022/7/29,6,128013.SZ,002325.SZ,建筑装饰(2021),装修装饰Ⅱ(2021)
128107,交科转债,106.72,124.911,101.5,142.88,2061,浙江交科,25,0,0.042,2020/4/22,2020/5/22,2022/7/7,2026/4/22,2.2,128107.SZ,002061.SZ,建筑装饰(2021),基础建设(2021)
110071,湖盐转债,116.06,165.61,92.14,170.75,600929,雪天盐业,7.2,0,0.086,2020/7/10,2020/7/31,2022/7/6,2026/7/9,2,110071.SH,600929.SH,基础化工(2021),化学原料(2021)
127013,创维转债,99.88,142.555,92,158.4,810,创维数字,10.4,0,0.046,2019/4/15,2019/5/16,2022/6/28,2025/4/15,3.2,127013.SZ,000810.SZ,家用电器(2021),黑色家电(2021)
113541,荣晟转债,100.05,128.46,99.99,193.97,603165,荣晟环保,3.3,0,0.026,2019/7/23,2019/8/13,2022/6/27,2025/7/22,2.9,113541.SH,603165.SH,轻工制造(2021),造纸(2021)
113568,新春转债,114.07,155.29,87.08,244.91,603667,五洲新春,3.3,0,0.028,2020/3/6,2020/4/2,2022/6/10,2026/3/5,2.3,113568.SH,603667.SH,机械设备(2021),通用设备(2021)
127003,海印转债,117,111.3,81.991,134.8,861,海印股份,11.11,0,0.893,2016/6/8,2016/7/1,2022/5/23,2022/6/8,6,127003.SZ,000861.SZ,商贸零售(2021),一般零售(2021)
113550,常汽转债,109.57,154.46,109.55,261.18,603035,常熟汽饰,9.924,0,0.347,2019/11/18,2019/12/12,2022/4/18,2025/11/17,2.4,113550.SH,603035.SH,汽车(2021),汽车零部件(2021)
118002,天合转债,142.99,100.15,100.15,180.86,688599,天合光能,52.52,0,5.215,2021/8/13,2021/9/1,2022/4/12,2027/8/12,0.7,118002.SH,688599.SH,电力设备(2021),光伏设备(2021)
113036,宁建转债,116.8,146.91,90.05,242.43,601789,宁波建工,5.4,0,0.13,2020/7/6,2020/8/6,2022/4/11,2026/7/5,1.8,113036.SH,601789.SH,建筑装饰(2021),房屋建设Ⅱ(2021)
123024,岱勒转债,109.002,136.8,91.909,181,300700,岱勒新材,2.1,0,0.408,2019/3/21,2019/4/17,2022/3/21,2024/3/21,3,123024.SZ,300700.SZ,机械设备(2021),通用设备(2021)
110066,盛屯转债,106.88,188.02,99.31,314.2,600711,盛屯矿业,23.86,0,0.036,2020/3/2,2020/3/31,2022/3/17,2026/3/2,2,110066.SH,600711.SH,有色金属(2021),能源金属(2021)
113026,核能转债,102.71,129.42,99.9,149.82,601985,中国核电,78,0,0.094,2019/4/15,2019/5/8,2022/3/8,2025/4/14,2.9,113026.SH,601985.SH,公用事业(2021),电力(2021)
128093,百川转债,108.368,233.39,93.7,467.2,2455,百川股份,5.2,0,0.316,2020/1/3,2020/1/21,2022/3/1,2026/1/3,2.2,128093.SZ,002455.SZ,基础化工(2021),化学制品(2021)
128103,同德转债,132.5,164.881,108.801,235.8,2360,同德化工,1.44,0,0.42,2020/3/26,2020/4/21,2022/3/1,2026/3/25,1.9,128103.SZ,002360.SZ,基础化工(2021),化学制品(2021)
123111,东财转3,130,114.5,108.52,171.85,300059,东方财富,158,0,10.665,2021/4/7,2021/4/23,2022/2/28,2027/4/6,0.9,123111.SZ,300059.SZ,非银金融(2021),证券Ⅱ(2021)
128096,奥瑞转债,114.2,128.5,107.4,178.499,2701,奥瑞金,10.87,0,0.279,2020/2/11,2020/3/16,2022/2/28,2026/2/11,2,128096.SZ,002701.SZ,轻工制造(2021),包装印刷(2021)
123042,银河转债,111.111,268.5,102.714,511,300619,金银河,1.67,0,0.357,2020/1/14,2020/2/14,2022/2/24,2026/1/13,2.1,123042.SZ,300619.SZ,电力设备(2021),电池(2021)
128094,星帅转债,116.75,141.5,107.299,207,2860,星帅尔,2.8,0,0.34,2020/1/16,2020/2/19,2022/2/24,2026/1/16,2.1,128094.SZ,002860.SZ,家用电器(2021),家电零部件Ⅱ(2021)
127011,中鼎转2,121.7,175,102.047,232.771,887,中鼎股份,12,0,0.884,2019/3/8,2019/4/4,2022/2/23,2025/3/8,3,127011.SZ,000887.SZ,汽车(2021),汽车零部件(2021)
128113,比音转债,132.5,171,110.302,204.78,2832,比音勒芬,6.89,0,0.591,2020/6/15,2020/7/15,2022/2/22,2026/6/14,1.7,128113.SZ,002832.SZ,纺织服饰(2021),服装家纺(2021)
123043,正元转债,138.888,162.88,104.11,353.805,300645,正元智慧,1.75,0,0.772,2020/3/5,2020/3/31,2022/2/17,2026/3/4,2,123043.SZ,300645.SZ,计算机(2021),计算机设备(2021)
128050,钧达转债,93.01,463.49,93.01,510.61,2865,钧达股份,3.2,0,0.094,2018/12/10,2018/12/27,2022/1/26,2024/12/10,3.1,128050.SZ,002865.SZ,电力设备(2021),光伏设备(2021)
113034,滨化转债,110.52,169.2,104.37,311.15,601678,滨化股份,24,0,0.091,2020/4/10,2020/4/30,2022/1/10,2026/4/9,1.8,113034.SH,601678.SH,基础化工(2021),化学原料(2021)
113009,广汽转债,117.96,106.43,98.81,146.84,601238,广汽集团,41.059,0,10.716,2016/1/22,2016/2/4,2022/1/7,2022/1/22,6,113009.SH,601238.SH,汽车(2021),乘用车(2021)
110034,九州转债,117.35,107.73,100.9,143.96,600998,九州通,15,0,14.979,2016/1/15,2016/1/29,2021/12/30,2022/1/15,6,110034.SH,600998.SH,医药生物(2021),医药商业(2021)
113536,三星转债,102.08,121.83,100.91,153.74,603578,三星新材,1.92,0,0.018,2019/5/31,2019/6/24,2021/12/30,2025/5/30,2.6,113536.SH,603578.SH,家用电器(2021),家电零部件Ⅱ(2021)
123053,宝通转债,131.23,132.101,94.995,169.363,300031,宝通科技,5,0,1.308,2020/6/5,2020/7/1,2021/12/30,2026/6/4,1.6,123053.SZ,300031.SZ,传媒(2021),游戏Ⅱ(2021)
113607,伟20转债,118.51,164.91,105.13,173.88,603568,伟明环保,12,0,0.005,2020/11/2,2020/11/27,2021/12/28,2026/11/1,1.2,113607.SH,603568.SH,环保(2021),环境治理(2021)
113528,长城转债,111.81,258.95,88.66,295.97,603897,长城科技,6.34,0,0.023,2019/3/1,2019/3/20,2021/12/23,2025/3/1,2.8,113528.SH,603897.SH,电力设备(2021),电网设备(2021)
123081,精研转债,103.45,149,93.799,172.66,300709,精研科技,5.7,0,0.384,2020/12/3,2020/12/22,2021/12/17,2026/12/2,1,123081.SZ,300709.SZ,电子(2021),消费电子(2021)
110051,中天转债,114.13,178.19,100.16,191.96,600522,中天科技,39.651,0,0.052,2019/2/28,2019/3/22,2021/12/16,2025/2/28,2.8,110051.SH,600522.SH,通信(2021),通信设备(2021)
123074,隆利转债,135,162.2,100.99,202.3,300752,隆利科技,3.245,0,0.592,2020/10/29,2020/11/16,2021/12/15,2026/10/28,1.1,123074.SZ,300752.SZ,电子(2021),光学光电子(2021)
113614,健20转债,115.54,142.12,106.6,154.56,603707,健友股份,7.8,0,0.011,2020/12/17,2021/1/18,2021/12/14,2026/12/16,1,113614.SH,603707.SH,医药生物(2021),化学制药(2021)
113603,东缆转债,117.22,239.44,111.05,259.59,603606,东方电缆,8,0,0.05,2020/9/24,2020/10/29,2021/11/29,2026/9/23,1.2,113603.SH,603606.SH,电力设备(2021),电网设备(2021)
123028,清水转债,103.2,321,80.5,426,300437,清水源,4.9,0,0.748,2019/6/19,2019/7/15,2021/11/29,2025/6/18,2.4,123028.SZ,300437.SZ,环保(2021),环境治理(2021)
128057,博彦转债,115.9,142.5,101.204,146.301,2649,博彦科技,5.758,0,0.351,2019/3/5,2019/4/2,2021/11/29,2025/3/5,2.7,128057.SZ,002649.SZ,计算机(2021),白酒Ⅱ(2021)
113580,康隆转债,108.97,156.27,108.31,365.45,603665,康隆达,2,0,0.033,2020/4/23,2020/5/20,2021/11/18,2026/4/22,1.6,113580.SH,603665.SH,纺织服饰(2021),服装家纺(2021)
123102,华自转债,103.99,263,100.58,331.3,300490,华自科技,6.7,0,0.385,2021/3/12,2021/4/1,2021/11/18,2027/3/11,0.7,123102.SZ,300490.SZ,电力设备(2021),电网设备(2021)
123069,金诺转债,115.41,185.554,93.182,271.68,300505,川金诺,3.68,0,0.494,2020/10/16,2020/11/5,2021/11/5,2026/10/15,1.1,123069.SZ,300505.SZ,基础化工(2021),农化制品(2021)
110033,国贸转债,108.88,101.64,101.64,141.08,600755,厦门国贸,28,0,0.336,2016/1/5,2016/1/19,2021/11/4,2022/1/5,5.8,110033.SH,600755.SH,交通运输(2021),物流(2021)
110041,蒙电转债,104.18,145.03,94.28,179.28,600863,内蒙华电,18.752,0,0.339,2017/12/21,2018/1/9,2021/11/4,2023/12/21,3.9,110041.SH,600863.SH,公用事业(2021),电力(2021)
128018,时达转债,96.58,101.155,84.15,151.529,2527,新时达,8.825,4.752,1.453,2017/11/6,2017/12/4,2021/10/27,2023/11/6,4,128018.SZ,002527.SZ,机械设备(2021),自动化设备(2021)
123047,久吾转债,117.15,216.198,98.171,377.08,300631,久吾高科,2.54,0,0.761,2020/3/20,2020/4/17,2021/10/20,2026/3/19,1.6,123047.SZ,300631.SZ,环保(2021),环保设备Ⅱ(2021)
123051,今天转债,109.7,105.2,98.828,178,300532,今天国际,2.8,0,0.703,2020/6/4,2020/6/30,2021/10/14,2026/6/3,1.4,123051.SZ,300532.SZ,计算机(2021),白酒Ⅱ(2021)
123068,弘信转债,116,104,92.6,169.09,300657,弘信电子,5.7,0,0.815,2020/10/15,2020/11/4,2021/10/11,2026/10/14,1,123068.SZ,300657.SZ,电子(2021),元件(2021)
113014,林洋转债,120.55,165.36,87.42,165.36,601222,林洋能源,30,0,0.183,2017/10/27,2017/11/13,2021/9/28,2023/10/27,3.9,113014.SH,601222.SH,公用事业(2021),电力(2021)
113572,三祥转债,112.2,155.39,103.56,183.1,603663,三祥新材,2.05,0,0.088,2020/3/12,2020/4/9,2021/9/23,2026/3/11,1.5,113572.SH,603663.SH,基础化工(2021),化学原料(2021)
123030,九洲转债,109.509,234.5,102.511,310,300040,九洲集团,3.08,0,0.545,2019/8/20,2019/9/12,2021/9/14,2025/8/19,2.1,123030.SZ,300040.SZ,电力设备(2021),电网设备(2021)
113612,永冠转债,106.4,184.1,99.49,184.1,603681,永冠新材,5.2,0,0.148,2020/12/8,2021/1/7,2021/9/9,2026/12/7,0.8,113612.SH,603681.SH,基础化工(2021),化学制品(2021)
123079,运达转债,113,271,111.01,309,300772,运达股份,5.77,0,0.431,2020/12/1,2020/12/25,2021/9/8,2026/11/30,0.8,123079.SZ,300772.SZ,电力设备(2021),风电设备(2021)
128051,光华转债,99.866,184.6,95.922,228.304,2741,光华科技,2.493,0,0.354,2018/12/14,2019/1/9,2021/9/7,2024/12/14,2.7,128051.SZ,002741.SZ,电子(2021),电子化学品Ⅱ(2021)
123094,星源转2,109,261.303,109,266.299,300568,星源材质,10,0,0.532,2021/1/20,2021/3/31,2021/9/6,2027/1/19,0.6,123094.SZ,300568.SZ,电力设备(2021),电池(2021)
113012,骆驼转债,111.13,152.25,93.96,152.25,601311,骆驼股份,7.17,0,0.024,2017/3/23,2017/4/13,2021/9/2,2023/3/24,4.4,113012.SH,601311.SH,电力设备(2021),电池(2021)
113508,新凤转债,99.52,116.86,93.83,148.98,603225,新凤鸣,21.53,0,0.067,2018/4/26,2018/5/16,2021/8/31,2024/4/25,3.4,113508.SH,603225.SH,基础化工(2021),化学纤维(2021)
123033,金力转债,109.27,150.7,101.95,167.36,300748,金力永磁,4.35,0,0.59,2019/11/1,2019/11/25,2021/8/30,2025/10/31,1.8,123033.SZ,300748.SZ,有色金属(2021),金属新材料(2021)
128064,司尔转债,99.39,162.2,95.203,176.48,2538,司尔特,8,0,0.229,2019/4/8,2019/5/7,2021/8/24,2025/4/8,2.4,128064.SZ,002538.SZ,基础化工(2021),农化制品(2021)
113509,新泉转债,99.98,213.7,93.79,295.33,603179,新泉股份,4.5,0,0.02,2018/6/4,2018/6/22,2021/8/17,2024/6/3,3.2,113509.SH,603179.SH,汽车(2021),汽车零部件(2021)
123066,赛意转债,121,193.08,108.76,235,300687,赛意信息,3.2,0,0.365,2020/9/16,2020/10/15,2021/8/13,2026/9/15,0.9,123066.SZ,300687.SZ,计算机(2021),白酒Ⅱ(2021)
123007,道氏转债,118.004,196.1,87.223,221.8,300409,道氏技术,4.8,0,0.529,2017/12/28,2018/1/26,2021/8/12,2023/12/28,3.6,123007.SZ,300409.SZ,电力设备(2021),电池(2021)
113040,星宇转债,140.89,141.8,126.87,157.7,601799,星宇股份,15,0,0.075,2020/10/22,2020/11/16,2021/8/2,2026/10/21,0.8,113040.SH,601799.SH,汽车(2021),汽车零部件(2021)
113611,福20转债,136.87,181.53,126.67,209.47,603806,福斯特,17,0,0.131,2020/12/1,2020/12/22,2021/7/28,2026/11/30,0.7,113611.SH,603806.SH,电力设备(2021),光伏设备(2021)
128032,双环转债,104.75,173.021,89.1,204.1,2472,双环传动,10,0,0.278,2017/12/25,2018/1/25,2021/7/27,2023/12/25,3.6,128032.SZ,002472.SZ,汽车(2021),汽车零部件(2021)
127023,华菱转2,111.95,141.582,101.014,170.5,932,华菱钢铁,40,0,2.438,2020/10/23,2020/11/19,2021/7/15,2026/10/22,0.7,127023.SZ,000932.SZ,钢铁(2021),普钢(2021)
113543,欧派转债,126.31,185.1,117.91,250.71,603833,欧派家居,14.95,0,0.015,2019/8/16,2019/9/4,2021/7/9,2025/8/15,1.9,113543.SH,603833.SH,轻工制造(2021),家居用品(2021)
123058,欣旺转债,148.72,142.5,116.8,163.5,300207,欣旺达,11.2,0,0.646,2020/7/14,2020/8/7,2021/7/5,2026/7/13,1,123058.SZ,300207.SZ,电力设备(2021),电池(2021)
110065,淮矿转债,117.03,136.04,105.55,155.69,600985,淮北矿业,27.58,0,0.044,2019/12/23,2020/1/13,2021/7/1,2025/12/22,1.5,110065.SH,600985.SH,煤炭(2021),煤炭开采(2021)
113041,紫金转债,137.89,144.39,137.89,210.06,601899,紫金矿业,60,0,0.192,2020/11/3,2020/11/27,2021/6/25,2025/11/2,0.6,113041.SH,601899.SH,有色金属(2021),工业金属(2021)
113559,永创转债,115.6,175.98,100,175.98,603901,永创智能,5.12,0,0.053,2019/12/23,2020/1/10,2021/6/25,2025/12/22,1.5,113559.SH,603901.SH,机械设备(2021),专用设备(2021)
110031,航信转债,145.32,106.7,99.48,154.72,600271,航天信息,24,0,23.983,2015/6/12,2015/6/30,2021/5/28,2021/6/12,6,110031.SH,600271.SH,计算机(2021),白酒Ⅱ(2021)
113564,天目转债,121.29,100.18,100.18,143.6,603136,天目湖,3,0,0.113,2020/2/28,2020/3/16,2021/5/18,2026/2/27,1.2,113564.SH,603136.SH,社会服务(2021),旅游及景区(2021)
128126,赣锋转2,116.54,173.8,115,231.999,2460,赣锋锂业,21.08,0,0.815,2020/8/6,2020/9/8,2021/5/11,2026/8/5,0.8,128126.SZ,002460.SZ,有色金属(2021),能源金属(2021)
113557,森特转债,114.47,191.2,90.35,226.76,603098,森特股份,6,0,0.056,2019/12/19,2020/1/10,2021/4/29,2025/12/18,1.4,113557.SH,603098.SH,建筑装饰(2021),专业工程(2021)
110069,瀚蓝转债,126.1,122.3,121.96,165.99,600323,瀚蓝环境,9.92,0,0.008,2020/4/7,2020/5/7,2021/4/27,2026/4/6,1.1,110069.SH,600323.SH,环保(2021),环境治理(2021)
113038,隆20转债,134.6,166.13,134.6,231.91,601012,隆基绿能,50,0,0.235,2020/7/31,2020/9/8,2021/3/30,2026/7/30,0.7,113038.SH,601012.SH,电力设备(2021),光伏设备(2021)
128052,凯龙转债,105.86,148.295,102.987,376.65,2783,凯龙股份,3.289,0,0.311,2018/12/21,2019/1/21,2021/3/23,2024/12/21,2.3,128052.SZ,002783.SZ,基础化工(2021),化学制品(2021)
113029,明阳转债,123.55,141.36,110.27,185.64,601615,明阳智能,17,0,0.051,2019/12/16,2020/1/7,2021/3/18,2025/12/15,1.3,113029.SH,601615.SH,电力设备(2021),风电设备(2021)
113590,海容转债,136.82,156.19,136.3,193.02,603187,海容冷链,5,0,0.029,2020/6/29,2020/7/27,2021/3/5,2026/6/29,0.7,113590.SH,603187.SH,机械设备(2021),通用设备(2021)
113592,安20转债,141.33,176.53,138.76,240.4,603345,安井食品,9,0,0.017,2020/7/8,2020/7/31,2021/3/5,2026/7/7,0.7,113592.SH,603345.SH,食品饮料(2021),食品加工(2021)
128028,赣锋转债,102.214,235.977,93.12,334.603,2460,赣锋锂业,9.28,0,0.539,2017/12/21,2018/1/19,2021/3/5,2023/12/21,3.2,128028.SZ,002460.SZ,有色金属(2021),能源金属(2021)
113583,益丰转债,124.94,111.9,111.9,153.71,603939,益丰药房,15.81,0,0.077,2020/6/1,2020/6/22,2021/3/4,2026/5/31,0.8,113583.SH,603939.SH,医药生物(2021),医药商业(2021)
127008,特发转债,102.343,132.331,101.59,419.897,70,特发信息,4.194,0,0.433,2018/11/16,2018/12/25,2021/3/4,2023/11/16,2.3,127008.SZ,000070.SZ,通信(2021),通信设备(2021)
128112,歌尔转2,159.3,144.988,131.939,200,2241,歌尔股份,40,0,0.599,2020/6/12,2020/7/13,2021/3/2,2026/6/11,0.7,128112.SZ,002241.SZ,电子(2021),消费电子(2021)
128065,雅化转债,96.05,205,93.489,337.43,2497,雅化集团,8,0,0.28,2019/4/16,2019/5/10,2021/3/1,2025/4/16,1.9,128065.SZ,002497.SZ,有色金属(2021),能源金属(2021)
128010,蔚蓝转债,130.1,108.79,93.375,156.85,2245,蔚蓝锂芯,5.1,0,0.385,2016/1/22,2016/2/23,2021/2/26,2022/1/22,5.1,128010.SZ,002245.SZ,电力设备(2021),电池(2021)
123055,晨光转债,128,128.8,119.49,160.3,300138,晨光生物,6.3,0,0.261,2020/6/17,2020/7/13,2021/2/24,2026/6/16,0.7,123055.SZ,300138.SZ,农林牧渔(2021),农产品加工(2021)
123017,寒锐转债,98.74,167.485,96,215,300618,寒锐钴业,4.4,0,0.317,2018/11/20,2018/12/24,2021/2/23,2024/11/20,2.3,123017.SZ,300618.SZ,有色金属(2021),能源金属(2021)
128115,巨星转债,125,309.91,125,327,2444,巨星科技,9.73,0,0.149,2020/6/24,2020/7/16,2021/2/23,2026/6/23,0.7,128115.SZ,002444.SZ,机械设备(2021),通用设备(2021)
113587,泛微转债,148.32,138.42,132.01,166.26,603039,ST泛微,3.16,0,0.014,2020/6/15,2020/7/14,2021/2/22,2026/6/15,0.7,113587.SH,603039.SH,计算机(2021),软件开发(2021)
128110,永兴转债,123.119,280.502,115.83,384,2756,永兴材料,7,0,0.203,2020/6/9,2020/7/8,2021/2/22,2026/6/8,0.7,128110.SZ,002756.SZ,有色金属(2021),能源金属(2021)
113035,福莱转债,130.17,244.78,130.17,332.68,601865,福莱特,14.5,0,0.028,2020/5/27,2020/6/17,2021/1/29,2026/5/26,0.7,113035.SH,601865.SH,电力设备(2021),光伏设备(2021)
113556,至纯转债,129.42,152.4,121.55,225.07,603690,至纯科技,3.56,0,0.063,2019/12/20,2020/1/9,2021/1/25,2025/12/19,1.1,113556.SH,603690.SH,电子(2021),半导体(2021)
113586,上机转债,142.88,417.35,142.88,473.13,603185,上机数控,6.65,0,0.027,2020/6/9,2020/7/7,2021/1/19,2026/6/8,0.6,113586.SH,603185.SH,电力设备(2021),光伏设备(2021)
113008,电气转债,133.31,106.48,98.8,286.71,601727,上海电气,60,0,13.422,2015/2/2,2015/2/16,2021/1/18,2021/2/2,6,113008.SH,601727.SH,电力设备(2021),其他电源设备Ⅱ(2021)
113032,桐20转债,113.3,167.33,108.03,167.33,601233,桐昆股份,23,0,0.076,2020/3/2,2020/3/20,2021/1/13,2026/2/27,0.9,113032.SH,601233.SH,石油石化(2021),炼化及贸易(2021)
113520,百合转债,101.5,234.26,99.66,279.12,603313,梦百合,5.1,0,0.064,2018/11/8,2018/11/26,2021/1/6,2024/11/8,2.2,113520.SH,603313.SH,轻工制造(2021),家居用品(2021)
128019,久立转2,100.04,150.73,91.447,150.73,2318,久立特材,10.4,0,0.297,2017/11/8,2017/12/1,2021/1/6,2023/11/8,3.2,128019.SZ,002318.SZ,钢铁(2021),特钢Ⅱ(2021)
128104,裕同转债,117.399,129.777,112.1,160.521,2831,裕同科技,14,0,0.733,2020/4/7,2020/4/28,2021/1/4,2026/4/6,0.7,128104.SZ,002831.SZ,轻工制造(2021),包装印刷(2021)
128102,海大转债,135.6,172.8,131.288,211.776,2311,海大集团,28.3,0,0.194,2020/3/19,2020/4/16,2020/12/22,2026/3/18,0.8,128102.SZ,002311.SZ,农林牧渔(2021),饲料(2021)
113562,璞泰转债,135.04,132.14,115.01,163.23,603659,璞泰来,8.7,0,0.188,2020/1/2,2020/2/4,2020/12/18,2025/1/2,1,113562.SH,603659.SH,电力设备(2021),电池(2021)
123026,中环转债,110.65,117.79,102.88,164.01,300692,中环环保,2.9,0,0.588,2019/6/10,2019/7/1,2020/12/14,2024/6/10,1.5,123026.SZ,300692.SZ,环保(2021),环境治理(2021)
113581,龙蟠转债,110.38,295.16,106.73,311.47,603906,龙蟠科技,4,0,0.024,2020/4/23,2020/5/19,2020/12/10,2026/4/22,0.6,113581.SH,603906.SH,基础化工(2021),化学制品(2021)
123036,先导转债,133.35,165.87,124,178,300450,先导智能,10,0,0.281,2019/12/11,2020/1/10,2020/12/9,2025/12/10,1,123036.SZ,300450.SZ,电力设备(2021),电池(2021)
113553,金牌转债,122.5,128.46,109.85,156.45,603180,金牌厨柜,3.92,0,0.06,2019/12/13,2020/1/7,2020/12/3,2025/12/12,1,113553.SH,603180.SH,轻工制造(2021),家居用品(2021)
113555,振德转债,119.33,417.87,118.05,785.96,603301,振德医疗,4.4,0,0.028,2019/12/19,2020/1/14,2020/12/3,2025/12/18,1,113555.SH,603301.SH,医药生物(2021),医疗器械(2021)
123032,万里转债,101.3,120.36,99.992,381,300591,万里马,1.8,0,0.582,2019/10/11,2019/10/31,2020/11/30,2025/10/10,1.1,123032.SZ,300591.SZ,纺织服饰(2021),服装家纺(2021)
113020,桐昆转债,101,163.64,99.58,180.07,601233,桐昆股份,38,0,0.38,2018/11/19,2018/12/12,2020/11/26,2024/11/19,2,113020.SH,601233.SH,石油石化(2021),炼化及贸易(2021)
113521,科森转债,97.95,168.63,92.23,228.81,603626,科森科技,6.1,0,0.08,2018/11/16,2018/12/7,2020/11/26,2024/11/16,2,113521.SH,603626.SH,电子(2021),消费电子(2021)
128058,拓邦转债,119,151.98,105.263,171.5,2139,拓邦股份,5.73,0,0.114,2019/3/7,2019/4/8,2020/11/25,2025/3/7,1.7,128058.SZ,002139.SZ,电子(2021),消费电子(2021)
128099,永高转债,117.3,117.88,114.2,155.6,2641,公元股份,7,0,0.225,2020/3/11,2020/4/10,2020/11/18,2026/3/10,0.7,128099.SZ,002641.SZ,建筑材料(2021),装修建材(2021)
113571,博特转债,131.02,139.42,123.51,183,603916,苏博特,6.97,0,0.026,2020/3/12,2020/4/1,2020/11/17,2026/3/11,0.7,113571.SH,603916.SH,基础化工(2021),化学制品(2021)
128098,康弘转债,127.99,124.908,114,146.492,2773,康弘药业,16.3,0,0.076,2020/3/5,2020/3/31,2020/11/9,2026/3/5,0.7,128098.SZ,002773.SZ,医药生物(2021),化学制药(2021)
128067,一心转债,116.7,141,106.15,161.5,2727,一心堂,6.03,0,0.101,2019/4/19,2019/5/17,2020/10/19,2025/4/19,1.5,128067.SZ,002727.SZ,医药生物(2021),医药商业(2021)
128043,东音转债,96.32,212.56,87.641,340,2793,罗欣药业,2.813,0,0.009,2018/8/2,2018/8/27,2020/10/16,2024/8/2,2.2,128043.SZ,002793.SZ,医药生物(2021),化学制药(2021)
113028,环境转债,117.09,114.22,113.79,138.92,601200,上海环境,21.7,0,0.087,2019/6/18,2019/7/8,2020/9/17,2025/6/17,1.3,113028.SH,601200.SH,环保(2021),环境治理(2021)
113544,桃李转债,119.2,119.48,112.02,141.41,603866,桃李面包,10,0,0.098,2019/9/20,2019/10/15,2020/9/17,2025/9/19,1,113544.SH,603866.SH,食品饮料(2021),休闲食品(2021)
128092,唐人转债,111.017,104.201,100.934,141.6,2567,唐人神,12.4,0,0.511,2019/12/30,2020/1/22,2020/9/17,2025/12/30,0.7,128092.SZ,002567.SZ,农林牧渔(2021),饲料(2021)
113547,索发转债,104.87,140.66,104.87,162.54,603612,索通发展,9.45,0,0.081,2019/10/24,2019/11/22,2020/9/15,2025/10/23,0.9,113547.SH,603612.SH,基础化工(2021),非金属材料Ⅱ(2021)
113554,仙鹤转债,115.9,145.27,115.06,212.76,603733,仙鹤股份,12.5,0,0.03,2019/12/16,2020/1/10,2020/9/10,2025/12/15,0.7,113554.SH,603733.SH,轻工制造(2021),造纸(2021)
123037,新莱转债,119.45,172,106.997,239,300260,新莱应材,2.8,0,0.202,2019/12/19,2020/1/22,2020/9/10,2025/12/18,0.7,123037.SZ,300260.SZ,机械设备(2021),通用设备(2021)
128084,木森转债,120.319,114.528,112.6,141,2745,木林森,26.6,0,0.285,2019/12/16,2020/1/10,2020/9/10,2025/12/16,0.7,128084.SZ,002745.SZ,电子(2021),光学光电子(2021)
110042,航电转债,101.76,116.32,100.21,155.35,600372,中航电子,24,0,0.12,2017/12/25,2018/1/15,2020/9/7,2023/12/24,2.7,110042.SH,600372.SH,国防军工(2021),航空装备Ⅱ(2021)
113019,玲珑转债,104.97,135.88,99.31,142.1,601966,玲珑轮胎,20,0,0.074,2018/3/1,2018/3/22,2020/9/3,2023/3/1,2.5,113019.SH,601966.SH,汽车(2021),汽车零部件(2021)
123020,富祥转债,115,217.52,103,243.73,300497,富祥药业,4.2,0,0.12,2019/3/1,2019/3/29,2020/9/3,2025/3/1,1.5,123020.SZ,300497.SZ,医药生物(2021),化学制药(2021)
113031,博威转债,131.14,120.91,119.61,159,601137,博威合金,12,0,0.086,2020/1/10,2020/2/17,2020/8/28,2025/1/9,0.6,113031.SH,601137.SH,有色金属(2021),金属新材料(2021)
113514,威帝转债,98.96,123.34,87.4,186.41,603023,威帝股份,2,0,0.063,2018/7/20,2018/8/13,2020/8/28,2023/7/20,2.1,113514.SH,603023.SH,汽车(2021),汽车零部件(2021)
113518,顾家转债,100.04,177.68,97.6,195.49,603816,顾家家居,10.973,0,0.042,2018/9/11,2018/10/9,2020/8/27,2024/9/11,2,113518.SH,603816.SH,轻工制造(2021),家居用品(2021)
123041,东财转2,129.3,194,125.02,217.2,300059,东方财富,73,0,0.499,2020/1/13,2020/2/14,2020/8/27,2026/1/12,0.6,123041.SZ,300059.SZ,非银金融(2021),证券Ⅱ(2021)
128045,机电转债,111.605,131.21,105.15,150,2013,中航机电,21,0,0.029,2018/8/27,2018/9/14,2020/8/27,2024/8/27,2,128045.SZ,002013.SZ,国防军工(2021),航空装备Ⅱ(2021)
128086,国轩转债,127.802,201.87,127.802,305,2074,国轩高科,18.5,0,0.331,2019/12/17,2020/1/10,2020/8/27,2025/12/17,0.7,128086.SZ,002074.SZ,电力设备(2021),电池(2021)
113022,浙商转债,106.77,118.46,100.8,163.39,601878,浙商证券,35,0,0.277,2019/3/12,2019/3/28,2020/8/25,2025/3/12,1.5,113022.SH,601878.SH,非银金融(2021),证券Ⅱ(2021)
123040,乐普转债,123.3,118,118,158.2,300003,乐普医疗,7.5,0,0.68,2020/1/3,2020/1/23,2020/8/19,2025/1/2,0.6,123040.SZ,300003.SZ,医药生物(2021),医疗器械(2021)
128088,深南转债,126.8,133.4,126.8,185.381,2916,深南电路,15.2,0,0.131,2019/12/24,2020/1/16,2020/8/19,2025/12/24,0.7,128088.SZ,002916.SZ,电子(2021),元件(2021)
113558,日月转债,129.5,150.44,114.09,155.51,603218,日月股份,12,0,0.042,2019/12/23,2020/1/14,2020/8/18,2025/12/22,0.7,113558.SH,603218.SH,电力设备(2021),风电设备(2021)
128089,麦米转债,124.3,139.489,118,160.614,2851,麦格米特,6.55,0,0.014,2019/12/26,2020/1/21,2020/8/18,2025/12/25,0.6,128089.SZ,002851.SZ,电力设备(2021),其他电源设备Ⅱ(2021)
128059,视源转债,123.28,133,108.5,153.999,2841,视源股份,9.42,0,0.012,2019/3/11,2019/4/2,2020/8/14,2025/3/11,1.4,128059.SZ,002841.SZ,电子(2021),消费电子(2021)
113552,克来转债,121.8,253.95,118.66,253.95,603960,克来机电,1.8,0,0.037,2019/12/2,2019/12/19,2020/8/6,2025/12/1,0.7,113552.SH,603960.SH,机械设备(2021),自动化设备(2021)
128080,顺丰转债,115.96,176.5,114.56,176.5,2352,顺丰控股,58,0,1.064,2019/11/18,2019/12/9,2020/8/3,2025/11/18,0.7,128080.SZ,002352.SZ,交通运输(2021),物流(2021)
113551,福特转债,120.56,207.28,119.77,207.28,603806,福斯特,11,0,0.035,2019/11/18,2019/12/11,2020/7/15,2025/11/17,0.7,113551.SH,603806.SH,电力设备(2021),光伏设备(2021)
128077,华夏转债,114.3,169.38,110,169.38,2928,华夏航空,7.9,0,0.016,2019/10/16,2019/11/7,2020/7/14,2025/10/16,0.7,128077.SZ,002928.SZ,交通运输(2021),航空机场(2021)
128054,中宠转债,113,182.499,100.936,187.28,2891,中宠股份,1.942,0,0.01,2019/2/15,2019/3/14,2020/6/30,2025/2/15,1.4,128054.SZ,002891.SZ,农林牧渔(2021),饲料(2021)
113515,高能转债,99.34,130.36,93.03,148.31,603588,高能环境,8.4,0,0.079,2018/7/26,2018/8/27,2020/6/17,2024/7/26,1.9,113515.SH,603588.SH,环保(2021),环境治理(2021)
113511,千禾转债,98.87,202.82,89.5,230.61,603027,千禾味业,3.56,0,0.07,2018/6/20,2018/7/10,2020/5/28,2024/6/19,1.9,113511.SH,603027.SH,食品饮料(2021),调味发酵品Ⅱ(2021)
113503,泰晶转债,101.8,125.47,89.8,382.7,603738,泰晶科技,2.15,0,0.092,2017/12/15,2018/1/2,2020/5/26,2023/12/15,2.4,113503.SH,603738.SH,电子(2021),元件(2021)
128012,辉丰转债,113.69,99.999,71.859,114.2,2496,辉丰股份,8.45,8.247,0.203,2016/4/21,2016/5/17,2020/5/25,2022/4/21,4.1,128012.SZ,002496.SZ,基础化工(2021),农化制品(2021)
113531,百姓转债,108.73,130.03,105.81,146.03,603883,老百姓,3.27,0,0.02,2019/3/29,2019/4/22,2020/5/20,2024/3/28,1.1,113531.SH,603883.SH,医药生物(2021),医药商业(2021)
123021,万信转2,118.701,154.02,94.5,176.1,300168,万达信息,12,0,0.013,2019/3/4,2019/3/25,2020/4/13,2025/3/3,1.1,123021.SZ,300168.SZ,计算机(2021),白酒Ⅱ(2021)
110050,佳都转债,105.09,132.28,105.09,152.25,600728,佳都科技,8.747,0,0.183,2018/12/19,2019/1/21,2020/4/8,2024/12/18,1.3,110050.SH,600728.SH,计算机(2021),白酒Ⅱ(2021)
128055,长青转2,122.365,116.1,108.955,169.003,2391,长青股份,9.138,0,0.154,2019/2/27,2019/4/3,2020/4/2,2025/2/27,1.1,128055.SZ,002391.SZ,基础化工(2021),农化制品(2021)
113517,曙光转债,106.36,117.52,104.2,155.04,603019,中科曙光,11.2,0,0.312,2018/8/6,2018/8/23,2020/3/30,2024/8/6,1.6,113517.SH,603019.SH,计算机(2021),计算机设备(2021)
128016,雨虹转债,120.121,147.9,92.999,155,2271,东方雨虹,18.4,0,0.016,2017/9/25,2017/10/20,2020/3/27,2023/9/25,2.5,128016.SZ,002271.SZ,建筑材料(2021),装修建材(2021)
123019,中来转债,114.935,106.302,98.87,142.442,300393,中来股份,10,0,1.016,2019/2/25,2019/3/22,2020/3/25,2025/2/25,1.1,123019.SZ,300393.SZ,电力设备(2021),光伏设备(2021)
113510,再升转债,95.81,120.19,91.7,401.26,603601,再升科技,1.14,0,0.2,2018/6/19,2018/7/13,2020/3/24,2024/6/18,1.8,113510.SH,603601.SH,建筑材料(2021),玻璃玻纤(2021)
113540,南威转债,100.83,122.53,99.99,157.76,603636,南威软件,6.6,0,0.084,2019/7/15,2019/8/5,2020/3/24,2025/7/14,0.7,113540.SH,603636.SH,计算机(2021),白酒Ⅱ(2021)
110046,圆通转债,101.95,100.23,100.23,146.8,600233,圆通速递,36.5,0,0.861,2018/11/20,2018/12/18,2020/3/20,2024/11/19,1.3,110046.SH,600233.SH,交通运输(2021),物流(2021)
123009,星源转债,119.35,108.369,96,157,300568,星源材质,4.8,0,0.529,2018/3/7,2018/4/10,2020/3/19,2024/3/7,2,123009.SZ,300568.SZ,电力设备(2021),电池(2021)
110054,通威转债,119.9,107.5,107.5,162.02,600438,通威股份,50,0,0.205,2019/3/18,2019/4/10,2020/3/16,2025/3/18,1,110054.SH,600438.SH,电力设备(2021),光伏设备(2021)
128038,利欧转债,97.8,249.005,79.105,276,2131,利欧股份,21.975,0,0.031,2018/3/22,2018/4/19,2020/3/16,2024/3/22,2,128038.SZ,002131.SZ,传媒(2021),广告营销(2021)
123016,洲明转债,103.411,130,99.345,164.636,300232,洲明科技,5.48,0,0.086,2018/11/7,2018/12/3,2020/3/11,2024/11/7,1.3,123016.SZ,300232.SZ,电子(2021),光学光电子(2021)
113539,圣达转债,108.8,161.51,106.44,208.58,603079,圣达生物,2.99,0,0.033,2019/7/3,2019/7/26,2020/3/10,2025/7/2,0.7,113539.SH,603079.SH,医药生物(2021),化学制药(2021)
128061,启明转债,110.9,149.64,105.661,159.6,2439,启明星辰,10.45,0,0.016,2019/3/27,2019/4/24,2020/3/3,2025/3/27,0.9,128061.SZ,002439.SZ,计算机(2021),软件开发(2021)
113522,旭升转债,105.54,158.58,100.6,213.14,603305,旭升集团,4.2,0,0.025,2018/11/22,2018/12/11,2020/2/27,2024/11/22,1.3,113522.SH,603305.SH,汽车(2021),汽车零部件(2021)
113538,安图转债,114.16,187.09,114.16,196.66,603658,安图生物,6.83,0,0.031,2019/6/28,2019/7/22,2020/2/18,2025/6/27,0.6,113538.SH,603658.SH,医药生物(2021),医疗器械(2021)
128060,中装转债,105.732,166.6,96.434,189.385,2822,中装建设,5.25,0,0.037,2019/3/26,2019/4/15,2020/2/12,2025/3/26,0.9,128060.SZ,002822.SZ,建筑装饰(2021),装修装饰Ⅱ(2021)
123003,蓝思转债,95.709,182.402,89.881,205,300433,蓝思科技,48,0,0.574,2017/12/8,2018/1/17,2020/2/7,2023/12/8,2.2,123003.SZ,300433.SZ,电子(2021),消费电子(2021)
113523,伟明转债,101.45,155.78,99.33,155.78,603568,伟明环保,6.7,0,0.027,2018/12/10,2018/12/26,2020/2/5,2024/12/10,1.2,113523.SH,603568.SH,环保(2021),环境治理(2021)
128068,和而转债,111,129.03,106.028,155.4,2402,和而泰,5.47,0,0.032,2019/6/4,2019/7/1,2020/2/5,2025/6/4,0.7,128068.SZ,002402.SZ,电子(2021),消费电子(2021)
128020,水晶转债,100.5,134,89.013,147.41,2273,水晶光电,11.8,0,1.147,2017/11/17,2017/12/12,2020/1/23,2023/11/16,2.2,128020.SZ,002273.SZ,电子(2021),光学光电子(2021)
113533,参林转债,107.5,142.29,105.7,167.78,603233,大参林,10,0,0.167,2019/4/3,2019/4/24,2020/1/16,2025/4/2,0.8,113533.SH,603233.SH,医药生物(2021),医药商业(2021)
110049,海尔转债,114.92,132.02,113,132.02,600690,海尔智家,30.075,0,0.09,2018/12/18,2019/1/18,2019/12/16,2024/12/17,1,110049.SH,600690.SH,家用电器(2021),白色家电(2021)
110030,格力转债,138.26,105.69,101.77,289.36,600185,格力地产,9.8,5.753,4.012,2014/12/25,2015/1/13,2019/12/10,2019/12/25,5,110030.SH,600185.SH,房地产(2021),房地产开发(2021)
113529,绝味转债,128.02,158.52,115.6,165.1,603517,绝味食品,10,0,0.127,2019/3/11,2019/4/2,2019/11/21,2025/3/11,0.7,113529.SH,603517.SH,食品饮料(2021),休闲食品(2021)
113507,天马转债,98.2,123.29,87.42,208.2,603668,天马科技,3.05,0,0.03,2018/4/17,2018/5/7,2019/11/4,2024/4/17,1.6,113507.SH,603668.SH,农林牧渔(2021),饲料(2021)
128047,光电转债,111.01,129.027,106,144.501,2179,中航光电,13,0,0.023,2018/11/5,2018/12/7,2019/10/15,2024/11/5,0.9,128047.SZ,002179.SZ,国防军工(2021),军工电子Ⅱ(2021)
127009,冰轮转债,114.52,130.799,114.1,161.8,811,冰轮环境,5.091,0,0.016,2019/1/14,2019/2/21,2019/10/14,2025/1/14,0.7,127009.SZ,000811.SZ,机械设备(2021),通用设备(2021)
123001,蓝标转债,114.3,135.998,85.39,156.9,300058,蓝色光标,14,0,0.02,2015/12/18,2016/1/8,2019/10/10,2021/12/18,3.8,123001.SZ,300058.SZ,传媒(2021),广告营销(2021)
128027,崇达转债,106.7,123,98.46,154.33,2815,崇达技术,8,0,0.047,2017/12/15,2018/1/22,2019/10/9,2023/12/15,1.8,128027.SZ,002815.SZ,电子(2021),元件(2021)
127010,平银转债,114.069,123.88,113,129,1,平安银行,260,0,0.01,2019/1/21,2019/2/18,2019/9/18,2025/1/21,0.7,127010.SZ,000001.SZ,银行(2021),股份制银行Ⅱ(2021)
113015,隆基转债,130.32,154.19,92.68,154.19,601012,隆基绿能,28,0,0.193,2017/11/2,2017/11/20,2019/9/3,2023/11/1,1.8,113015.SH,601012.SH,电力设备(2021),光伏设备(2021)
128024,宁行转债,112.379,125.7,102.884,137.76,2142,宁波银行,100,0,0.108,2017/12/5,2018/1/12,2019/8/21,2023/12/5,1.7,128024.SZ,002142.SZ,银行(2021),城商行Ⅱ(2021)
110040,生益转债,99.99,167.56,98,167.56,600183,生益科技,18,0,0.101,2017/11/24,2017/12/11,2019/7/31,2023/11/23,1.7,110040.SH,600183.SH,电子(2021),元件(2021)
113513,安井转债,110.43,141.29,102.47,153.54,603345,安井食品,5,0,0.038,2018/7/12,2018/7/31,2019/7/4,2024/7/12,1,113513.SH,603345.SH,食品饮料(2021),食品加工(2021)
113018,常熟转债,107.91,131.63,94.81,150.13,601128,常熟银行,30,0,0.156,2018/1/19,2018/2/6,2019/5/16,2024/1/19,1.3,113018.SH,601128.SH,银行(2021),农商行Ⅱ(2021)
123006,东财转债,121.65,138.588,109.801,194.01,300059,东方财富,46.5,0,0.306,2017/12/20,2018/1/29,2019/5/10,2023/12/20,1.4,123006.SZ,300059.SZ,非银金融(2021),证券Ⅱ(2021)
113506,鼎信转债,106.16,128.2,87.38,140.97,603421,鼎信通讯,6,0,0.122,2018/4/16,2018/5/14,2019/4/26,2024/4/16,1,113506.SH,603421.SH,通信(2021),通信设备(2021)
123008,康泰转债,119.982,168.658,111.49,215.38,300601,康泰生物,3.56,0,0.056,2018/2/1,2018/3/19,2019/4/26,2024/2/1,1.2,123008.SZ,300601.SZ,医药生物(2021),生物制品(2021)
113512,景旺转债,120.45,120.27,106.6,136.03,603228,景旺电子,9.78,0,0.176,2018/7/6,2018/7/24,2019/4/23,2024/7/6,0.8,113512.SH,603228.SH,电子(2021),元件(2021)
110032,三一转债,107.69,176.09,103.95,178.51,600031,三一重工,45,0,0.094,2016/1/4,2016/1/18,2019/3/19,2022/1/4,3.2,110032.SH,600031.SH,机械设备(2021),工程机械(2021)
113010,江南转债,129.18,100.59,99.91,131.98,601199,江南水务,7.6,7.359,0.241,2016/3/18,2016/4/5,2019/1/29,2022/3/18,2.9,113010.SH,601199.SH,环保(2021),环境治理(2021)
123005,万信转债,108,145.8,105.348,180.8,300168,万达信息,9,0,0.064,2017/12/19,2018/1/30,2018/8/14,2023/12/19,0.7,123005.SZ,300168.SZ,计算机(2021),白酒Ⅱ(2021)
110039,宝信转债,96.9,141.39,96.86,160.96,600845,宝信软件,16,0,0.286,2017/11/17,2017/12/5,2018/7/6,2023/11/16,0.6,110039.SH,600845.SH,计算机(2021),白酒Ⅱ(2021)
128011,汽模转债,133.5,121.501,110.6,147.8,2510,天汽模,4.2,0,0,2016/3/2,2016/3/24,2017/8/8,2022/3/2,1.4,128011.SZ,002510.SZ,汽车(2021),汽车零部件(2021)
128009,歌尔转债,120.5,146.1,116.501,237,2241,歌尔股份,25,0,0.008,2014/12/12,2014/12/26,2017/6/30,2020/12/12,2.6,128009.SZ,002241.SZ,电子(2021),消费电子(2021)
110035,白云转债,119.2,138.39,117.29,138.39,600004,白云机场,35,0,0.192,2016/2/26,2016/3/15,2017/6/6,2021/2/26,1.3,110035.SH,600004.SH,交通运输(2021),航空机场(2021)
113501,洛钼转债,119.19,130.55,104.19,223.07,603993,洛阳钼业,49,0,0.456,2014/12/2,2014/12/16,2015/7/9,2020/12/1,0.6,113501.SH,603993.SH,有色金属(2021),小金属(2021)
113007,吉视转债,121.6,100.18,100.18,194.2,601929,吉视传媒,17,0,6.472,2014/9/5,2014/9/25,2015/7/7,2020/9/5,0.8,113007.SH,601929.SH,传媒(2021),电视广播Ⅱ(2021)
110023,民生转债,105.94,119.66,87.81,146.45,600016,民生银行,200,0,1.62,2013/3/15,2013/3/29,2015/6/24,2019/3/15,2.3,110023.SH,600016.SH,银行(2021),股份制银行Ⅱ(2021)
128007,通鼎转债,122.498,355,117.12,619,2491,通鼎互联,6,0,0.003,2014/8/15,2014/9/5,2015/6/19,2020/8/15,0.8,128007.SZ,002491.SZ,通信(2021),通信设备(2021)
128008,齐峰转债,120.1,200.56,119.7,208,2521,齐峰新材,7.6,0,0.027,2014/9/15,2014/10/10,2015/6/5,2019/9/14,0.7,128008.SZ,002521.SZ,轻工制造(2021),造纸(2021)
125089,深机转债,103.07,221.1,91.639,228.9,89,深圳机场,20,0,0.026,2011/7/15,2011/8/10,2015/5/28,2017/7/14,3.9,125089.SZ,000089.SZ,交通运输(2021),航空机场(2021)
126729,燕京转债,140,149.979,101.5,168.103,729,燕京啤酒,11.3,2.623,0.025,2010/10/15,2010/11/3,2015/5/28,2015/10/14,4.6,126729.SZ,000729.SZ,食品饮料(2021),非白酒(2021)
110029,浙能转债,107.38,165.5,107.38,167.29,600023,浙能电力,100,0,0.18,2014/10/13,2014/10/28,2015/5/26,2020/10/12,0.6,110029.SH,600023.SH,公用事业(2021),电力(2021)
128002,东华转债,126.305,341,123,347.999,2065,东华软件,10,0,0.001,2013/7/26,2013/8/19,2015/5/20,2019/7/26,1.8,128002.SZ,002065.SZ,计算机(2021),白酒Ⅱ(2021)
128005,齐翔转债,103.12,163.49,102.85,176.64,2408,齐翔腾达,12.4,0,0.001,2014/4/18,2014/5/13,2015/5/19,2019/4/17,1.1,128005.SZ,002408.SZ,石油石化(2021),炼化及贸易(2021)
110012,海运转债,115.68,206.46,99.32,235.55,600798,宁波海运,7.2,0,0.013,2011/1/7,2011/1/20,2015/5/11,2016/1/7,4.3,110012.SH,600798.SH,交通运输(2021),航运港口(2021)
113006,深燃转债,99.08,142.99,94.31,155.85,601139,深圳燃气,16,0,0.034,2013/12/13,2013/12/27,2015/4/30,2019/12/13,1.4,113006.SH,601139.SH,公用事业(2021),燃气Ⅱ(2021)
110011,歌华转债,126.98,204.97,92.73,223.71,600037,歌华有线,16,0,0.136,2010/11/25,2010/12/10,2015/4/28,2016/11/25,4.4,110011.SH,600037.SH,传媒(2021),电视广播Ⅱ(2021)
110019,恒丰转债,109.2,173,94.2,181.6,600356,恒丰纸业,4.5,0,0.004,2012/3/23,2012/4/12,2015/4/24,2017/3/23,3.1,110019.SH,600356.SH,轻工制造(2021),造纸(2021)
110028,冠城转债,118.01,177.49,114.26,181.05,600067,冠城大通,18,0,0.047,2014/7/18,2014/8/1,2015/4/23,2020/7/18,0.8,110028.SH,600067.SH,房地产(2021),房地产开发(2021)
128006,长青转债,105.3,145.999,105.3,155.196,2391,长青股份,6.318,0,0,2014/7/9,2014/7/9,2015/4/15,2020/6/19,0.8,128006.SZ,002391.SZ,基础化工(2021),农化制品(2021)
110020,南山转债,99.11,152.64,89.77,158.17,600219,南山铝业,60,0,0.084,2012/10/16,2012/10/31,2015/3/10,2018/10/16,2.4,110020.SH,600219.SH,有色金属(2021),工业金属(2021)
113001,中行转债,99.92,145.93,96.14,188.74,601988,中国银行,400,0,0.24,2010/6/2,2010/6/18,2015/3/6,2016/6/2,4.8,113001.SH,601988.SH,银行(2021),国有大型银行Ⅱ(2021)
110022,同仁转债,110.02,131.49,111.8,165.17,600085,同仁堂,12.05,0,0.045,2012/12/4,2012/12/18,2015/3/3,2017/12/4,2.2,110022.SH,600085.SH,医药生物(2021),中药Ⅱ(2021)
110018,国电转债,99.5,169.69,99.45,212.11,600795,国电电力,55,0,0.044,2011/8/19,2011/9/2,2015/2/26,2017/8/19,3.5,110018.SH,600795.SH,公用事业(2021),电力(2021)
110027,东方转债,106.35,159.57,106.35,202.52,600875,东方电气,40,0,0.036,2014/7/10,2014/7/25,2015/2/16,2020/7/10,0.6,110027.SH,600875.SH,电力设备(2021),其他电源设备Ⅱ(2021)
113002,工行转债,111.6,132.38,97.92,157.97,601398,工商银行,250,0,0.15,2010/8/31,2010/9/10,2015/2/12,2016/8/31,4.5,113002.SH,601398.SH,银行(2021),国有大型银行Ⅱ(2021)
110015,石化转债,108.2,116.3,95.65,151.74,600028,中国石化,230,0,0.529,2011/2/23,2011/3/7,2015/2/11,2017/2/23,4,110015.SH,600028.SH,石油石化(2021),炼化及贸易(2021)
110017,中海转债,104.01,115,88.57,162.84,600026,中远海能,39.5,0,0.344,2011/8/1,2011/8/12,2015/2/9,2017/8/1,3.5,110017.SH,600026.SH,交通运输(2021),航运港口(2021)
127002,徐工转债,94.921,136.19,85.799,185.01,425,徐工机械,25,0,0.031,2013/10/24,2013/11/15,2015/2/5,2019/10/24,1.3,127002.SZ,000425.SZ,机械设备(2021),工程机械(2021)
113005,平安转债,106.92,167.57,98.98,184.01,601318,中国平安,260,0,0.338,2013/11/22,2013/12/9,2015/1/9,2019/11/22,1.1,113005.SH,601318.SH,非银金融(2021),保险Ⅱ(2021)
110025,国金转债,107.57,194.97,107.5,235.12,600109,国金证券,25,0,0.152,2014/5/14,2014/6/3,2014/12/29,2020/5/13,0.6,110025.SH,600109.SH,非银金融(2021),证券Ⅱ(2021)
128004,久立转债,103.022,143,102.621,160,2318,久立特材,4.87,0,0.009,2014/2/25,2014/3/14,2014/12/23,2020/2/24,0.8,128004.SZ,002318.SZ,钢铁(2021),特钢Ⅱ(2021)
110024,隧道转债,101.81,153.06,90.24,154.99,600820,隧道股份,26,0,0.062,2013/9/13,2013/9/30,2014/12/11,2019/9/13,1.2,110024.SH,600820.SH,建筑装饰(2021),基础建设(2021)
113003,重工转债,107.55,132.55,101.37,144.22,601989,中国重工,80.5,0,0.048,2012/6/4,2012/6/18,2014/11/28,2018/6/4,2.5,113003.SH,601989.SH,国防军工(2021),航海装备Ⅱ(2021)
128003,华天转债,108.91,154.001,106.99,154.001,2185,华天科技,4.61,0,0.013,2013/8/12,2013/8/28,2014/11/27,2019/8/12,1.3,128003.SZ,002185.SZ,电子(2021),半导体(2021)
128001,泰尔转债,112.37,134.122,97.1,148,2347,泰尔股份,3.2,0,0.018,2013/1/15,2013/1/28,2014/11/10,2018/1/8,1.8,128001.SZ,002347.SZ,机械设备(2021),通用设备(2021)
110007,博汇转债,127.11,108.61,99.46,114.44,600966,博汇纸业,9.75,0,0.145,2009/9/23,2009/10/16,2014/9/5,2014/9/23,5,110007.SH,600966.SH,轻工制造(2021),造纸(2021)
110016,川投转债,118.67,159,105.56,159,600674,川投能源,21,0,0.332,2011/3/21,2011/3/31,2014/9/2,2017/3/21,3.5,110016.SH,600674.SH,公用事业(2021),电力(2021)
125887,中鼎转债,130,142,103.05,142.883,887,中鼎股份,3,0,0.015,2011/2/11,2011/3/1,2014/7/31,2016/2/11,3.5,125887.SZ,000887.SZ,汽车(2021),汽车零部件(2021)
110003,新钢转债,96.5,106.55,103.71,108.67,600782,新钢股份,27.6,0.024,27.576,2008/8/21,2008/9/5,2013/8/6,2013/8/20,5,110003.SH,600782.SH,钢铁(2021),普钢(2021)
129031,巨轮转2,114.57,131.5,116.261,139.832,2031,巨轮智能,3.5,0,0.022,2011/7/19,2011/8/4,2013/6/5,2016/7/18,1.9,129031.SZ,002031.SZ,机械设备(2021),专用设备(2021)
125731,美丰转债,107.15,163.2,107.8,182.989,731,四川美丰,6.5,0,0.022,2010/6/2,2010/6/25,2013/4/12,2015/6/2,2.9,125731.SZ,000731.SZ,基础化工(2021),农化制品(2021)
110009,双良转债,118.02,93.82,96.53,133.96,600481,双良节能,7.2,6.938,0.261,2010/5/4,2010/5/14,2011/12/14,2015/5/4,1.6,110009.SH,600481.SH,机械设备(2021),通用设备(2021)
