Date,000832.CSI
2017-01-03,284.1168
2017-01-04,285.8681
2017-01-05,286.0264
2017-01-06,285.6805
2017-01-09,287.0139
2017-01-10,286.4511
2017-01-11,285.5784
2017-01-12,285.0092
2017-01-13,284.2014
2017-01-16,282.0573
2017-01-17,282.6386
2017-01-18,282.0510
2017-01-19,281.8623
2017-01-20,283.2282
2017-01-23,283.5230
2017-01-24,283.0410
2017-01-25,283.6413
2017-01-26,284.3377
2017-02-03,282.6129
2017-02-06,282.7330
2017-02-07,282.5689
2017-02-08,282.8324
2017-02-09,283.4556
2017-02-10,284.5340
2017-02-13,285.0919
2017-02-14,285.0287
2017-02-15,284.8160
2017-02-16,284.5394
2017-02-17,283.5534
2017-02-20,285.1546
2017-02-21,286.4990
2017-02-22,287.1980
2017-02-23,286.9736
2017-02-24,286.9934
2017-02-27,285.9915
2017-02-28,286.1554
2017-03-01,285.8374
2017-03-02,285.2398
2017-03-03,285.4656
2017-03-06,285.9252
2017-03-07,286.9601
2017-03-08,286.2745
2017-03-09,285.5686
2017-03-10,284.9678
2017-03-13,285.8867
2017-03-14,285.4693
2017-03-15,285.2400
2017-03-16,285.2208
2017-03-17,284.1148
2017-03-20,283.7059
2017-03-21,284.3923
2017-03-22,283.7014
2017-03-23,283.7979
2017-03-24,285.8311
2017-03-27,285.4666
2017-03-28,285.0902
2017-03-29,284.9617
2017-03-30,283.7921
2017-03-31,283.5607
2017-04-05,284.2027
2017-04-06,283.8187
2017-04-07,283.6327
2017-04-10,283.0687
2017-04-11,283.7163
2017-04-12,283.8813
2017-04-13,283.7714
2017-04-14,282.3681
2017-04-17,279.5200
2017-04-18,279.7243
2017-04-19,279.6432
2017-04-20,280.7518
2017-04-21,280.4857
2017-04-24,277.7685
2017-04-25,278.4297
2017-04-26,280.0811
2017-04-27,280.4667
2017-04-28,281.4435
2017-05-02,280.9541
2017-05-03,281.3572
2017-05-04,281.3029
2017-05-05,280.6010
2017-05-08,276.3045
2017-05-09,275.8777
2017-05-10,274.9239
2017-05-11,274.3819
2017-05-12,275.7551
2017-05-15,276.1671
2017-05-16,276.9542
2017-05-17,277.0615
2017-05-18,276.7718
2017-05-19,276.8929
2017-05-22,275.7998
2017-05-23,274.4362
2017-05-24,274.0934
2017-05-25,276.2250
2017-05-26,275.9550
2017-05-31,276.7519
2017-06-01,277.0335
2017-06-02,277.0556
2017-06-05,277.0609
2017-06-06,278.4067
2017-06-07,280.6728
2017-06-08,280.7033
2017-06-09,282.8941
2017-06-12,283.4142
2017-06-13,284.3631
2017-06-14,283.5684
2017-06-15,284.0180
2017-06-16,283.9701
2017-06-19,287.2246
2017-06-20,289.3219
2017-06-21,289.5827
2017-06-22,289.5705
2017-06-23,289.7158
2017-06-26,294.1621
2017-06-27,294.6655
2017-06-28,293.0529
2017-06-29,291.6666
2017-06-30,290.6584
2017-07-03,291.2616
2017-07-04,290.9857
2017-07-05,292.2961
2017-07-06,292.1838
2017-07-07,292.4477
2017-07-10,291.5625
2017-07-11,292.3358
2017-07-12,292.0992
2017-07-13,294.8907
2017-07-14,297.5038
2017-07-17,298.1376
2017-07-18,297.2772
2017-07-19,301.3033
2017-07-20,303.6660
2017-07-21,304.5576
2017-07-24,306.5440
2017-07-25,302.1715
2017-07-26,303.7502
2017-07-27,304.2348
2017-07-28,305.1712
2017-07-31,307.1294
2017-08-01,308.9361
2017-08-02,312.6072
2017-08-03,311.5372
2017-08-04,310.5831
2017-08-07,309.2697
2017-08-08,308.9922
2017-08-09,306.1920
2017-08-10,304.9911
2017-08-11,302.0713
2017-08-14,304.2953
2017-08-15,305.2020
2017-08-16,305.0840
2017-08-17,306.8887
2017-08-18,307.2453
2017-08-21,306.9111
2017-08-22,306.9208
2017-08-23,306.2156
2017-08-24,304.6048
2017-08-25,308.5395
2017-08-28,312.5879
2017-08-29,313.9904
2017-08-30,312.7715
2017-08-31,312.3287
2017-09-01,312.3905
2017-09-04,313.0780
2017-09-05,314.2474
2017-09-06,313.8852
2017-09-07,313.3831
2017-09-08,313.8331
2017-09-11,312.6243
2017-09-12,309.6780
2017-09-13,308.5642
2017-09-14,307.3500
2017-09-15,307.2212
2017-09-18,307.2400
2017-09-19,306.6273
2017-09-20,306.6692
2017-09-21,306.4631
2017-09-22,304.8566
2017-09-25,302.9291
2017-09-26,300.5739
2017-09-27,300.9915
2017-09-28,300.7829
2017-09-29,303.0458
2017-10-09,303.8135
2017-10-10,305.1969
2017-10-11,306.7736
2017-10-12,307.1855
2017-10-13,307.2787
2017-10-16,306.6576
2017-10-17,306.8257
2017-10-18,306.0846
2017-10-19,303.5861
2017-10-20,303.8558
2017-10-23,302.5695
2017-10-24,303.3578
2017-10-25,303.0234
2017-10-26,301.7700
2017-10-27,303.1064
2017-10-30,298.5819
2017-10-31,298.5673
2017-11-01,298.7507
2017-11-02,297.7818
2017-11-03,296.8229
2017-11-06,295.9092
2017-11-07,298.0716
2017-11-08,299.0152
2017-11-09,299.4563
2017-11-10,300.3730
2017-11-13,301.7849
2017-11-14,299.9318
2017-11-15,296.8268
2017-11-16,296.1346
2017-11-17,296.4168
2017-11-20,293.9627
2017-11-21,294.7767
2017-11-22,294.4370
2017-11-23,291.2210
2017-11-24,291.0965
2017-11-27,289.7917
2017-11-28,288.6239
2017-11-29,287.2953
2017-11-30,286.2943
2017-12-01,284.5644
2017-12-04,282.7777
2017-12-05,282.7484
2017-12-06,282.1438
2017-12-07,282.8207
2017-12-08,286.6293
2017-12-11,288.6347
2017-12-12,285.7197
2017-12-13,286.4396
2017-12-14,284.4957
2017-12-15,284.0973
2017-12-18,283.2162
2017-12-19,284.4393
2017-12-20,282.8225
2017-12-21,284.2140
2017-12-22,285.1776
2017-12-25,284.9158
2017-12-26,284.8525
2017-12-27,282.3378
2017-12-28,282.0109
2017-12-29,282.8852
2018-01-02,285.9860
2018-01-03,289.6659
2018-01-04,290.1870
2018-01-05,292.8428
2018-01-08,292.9719
2018-01-09,291.5245
2018-01-10,291.6915
2018-01-11,290.9696
2018-01-12,291.2556
2018-01-15,289.4764
2018-01-16,291.0775
2018-01-17,291.8561
2018-01-18,294.7910
2018-01-19,298.2391
2018-01-22,301.4737
2018-01-23,306.4532
2018-01-24,310.0667
2018-01-25,309.7552
2018-01-26,309.8208
2018-01-29,304.2420
2018-01-30,300.9453
2018-01-31,302.2396
2018-02-01,299.4174
2018-02-02,302.5426
2018-02-05,306.7087
2018-02-06,302.2232
2018-02-07,300.0486
2018-02-08,295.0233
2018-02-09,287.8103
2018-02-12,291.9980
2018-02-13,294.0481
2018-02-14,294.9570
2018-02-22,298.5923
2018-02-23,298.8071
2018-02-26,301.1606
2018-02-27,298.7295
2018-02-28,297.4701
2018-03-01,297.8329
2018-03-02,295.5269
2018-03-05,294.1630
2018-03-06,297.0812
2018-03-07,296.1695
2018-03-08,296.7438
2018-03-09,298.1734
2018-03-12,299.4251
2018-03-13,298.8482
2018-03-14,297.2651
2018-03-15,296.8335
2018-03-16,296.8255
2018-03-19,296.9318
2018-03-20,296.5773
2018-03-21,296.0329
2018-03-22,295.0416
2018-03-23,290.8186
2018-03-26,291.6137
2018-03-27,292.6268
2018-03-28,291.4631
2018-03-29,293.0766
2018-03-30,293.8564
2018-04-02,295.1843
2018-04-03,294.5871
2018-04-04,295.2803
2018-04-09,295.9421
2018-04-10,297.7324
2018-04-11,298.6717
2018-04-12,297.0422
2018-04-13,295.6928
2018-04-16,293.8607
2018-04-17,292.9154
2018-04-18,295.7328
2018-04-19,295.8239
2018-04-20,293.5571
2018-04-23,290.5765
2018-04-24,294.7724
2018-04-25,294.2538
2018-04-26,292.1279
2018-04-27,293.2107
2018-05-02,292.1485
2018-05-03,293.3498
2018-05-04,294.1650
2018-05-07,296.6298
2018-05-08,298.2565
2018-05-09,297.7207
2018-05-10,297.3521
2018-05-11,296.6159
2018-05-14,295.8138
2018-05-15,296.3694
2018-05-16,295.2133
2018-05-17,294.6432
2018-05-18,295.5873
2018-05-21,296.9187
2018-05-22,296.5987
2018-05-23,294.4559
2018-05-24,292.7830
2018-05-25,291.1429
2018-05-28,290.2074
2018-05-29,287.3348
2018-05-30,284.3436
2018-05-31,285.5988
2018-06-01,285.0375
2018-06-04,283.3151
2018-06-05,285.3734
2018-06-06,285.3703
2018-06-07,286.5015
2018-06-08,284.1683
2018-06-11,283.7376
2018-06-12,285.0336
2018-06-13,284.2725
2018-06-14,283.3523
2018-06-15,281.4599
2018-06-19,274.0550
2018-06-20,275.0352
2018-06-21,274.5874
2018-06-22,275.4465
2018-06-25,275.6520
2018-06-26,275.0915
2018-06-27,272.6291
2018-06-28,272.4941
2018-06-29,276.7588
2018-07-02,274.0852
2018-07-03,275.7220
2018-07-04,275.2860
2018-07-05,275.3971
2018-07-06,275.7970
2018-07-09,279.3142
2018-07-10,279.8117
2018-07-11,278.7099
2018-07-12,281.1307
2018-07-13,281.3709
2018-07-16,280.6554
2018-07-17,281.0085
2018-07-18,281.4120
2018-07-19,282.5326
2018-07-20,286.3860
2018-07-23,288.4159
2018-07-24,288.4038
2018-07-25,287.6609
2018-07-26,285.0672
2018-07-27,285.0123
2018-07-30,284.3279
2018-07-31,285.2122
2018-08-01,283.5817
2018-08-02,282.2360
2018-08-03,281.8612
2018-08-06,281.0792
2018-08-07,284.6070
2018-08-08,283.1479
2018-08-09,285.1242
2018-08-10,284.7308
2018-08-13,284.1253
2018-08-14,283.3786
2018-08-15,282.1033
2018-08-16,281.8451
2018-08-17,280.7166
2018-08-20,280.5251
2018-08-21,282.2878
2018-08-22,282.0016
2018-08-23,282.5767
2018-08-24,283.1626
2018-08-27,284.8143
2018-08-28,285.1773
2018-08-29,284.4204
2018-08-30,283.1936
2018-08-31,283.1526
2018-09-03,282.8738
2018-09-04,283.7698
2018-09-05,282.6463
2018-09-06,282.4742
2018-09-07,282.4787
2018-09-10,281.0081
2018-09-11,280.5639
2018-09-12,280.4160
2018-09-13,280.7019
2018-09-14,280.3009
2018-09-17,279.4009
2018-09-18,280.3272
2018-09-19,281.7551
2018-09-20,281.8702
2018-09-21,284.0705
2018-09-25,283.6488
2018-09-26,284.2421
2018-09-27,282.9630
2018-09-28,284.1871
2018-10-08,281.0001
2018-10-09,280.0876
2018-10-10,280.5260
2018-10-11,277.1485
2018-10-12,278.3032
2018-10-15,277.2138
2018-10-16,276.0644
2018-10-17,276.6493
2018-10-18,275.0460
2018-10-19,277.4189
2018-10-22,280.3122
2018-10-23,279.1322
2018-10-24,279.9108
2018-10-25,280.1266
2018-10-26,280.6891
2018-10-29,279.8585
2018-10-30,280.1355
2018-10-31,280.5435
2018-11-01,281.3839
2018-11-02,284.5653
2018-11-05,284.6197
2018-11-06,283.8222
2018-11-07,283.7591
2018-11-08,283.3536
2018-11-09,281.8494
2018-11-12,283.0182
2018-11-13,284.3983
2018-11-14,284.8507
2018-11-15,286.8821
2018-11-16,288.2015
2018-11-19,288.6801
2018-11-20,285.8113
2018-11-21,286.0507
2018-11-22,285.6457
2018-11-23,284.1835
2018-11-26,284.4649
2018-11-27,284.6611
2018-11-28,286.0162
2018-11-29,284.6690
2018-11-30,284.8669
2018-12-03,287.3048
2018-12-04,287.3075
2018-12-05,287.3816
2018-12-06,286.6411
2018-12-07,286.5048
2018-12-10,285.4905
2018-12-11,285.3262
2018-12-12,285.5715
2018-12-13,287.0955
2018-12-14,286.1661
2018-12-17,285.6505
2018-12-18,283.8855
2018-12-19,282.7260
2018-12-20,281.2554
2018-12-21,279.6723
2018-12-24,280.2468
2018-12-25,279.6508
2018-12-26,279.2161
2018-12-27,278.8589
2018-12-28,279.6013
2019-01-02,277.9135
2019-01-03,278.9022
2019-01-04,282.1081
2019-01-07,284.8355
2019-01-08,285.3360
2019-01-09,287.0535
2019-01-10,287.9408
2019-01-11,289.0783
2019-01-14,287.9202
2019-01-15,289.4663
2019-01-16,289.6235
2019-01-17,288.7735
2019-01-18,290.1479
2019-01-21,290.7674
2019-01-22,289.9666
2019-01-23,290.2103
2019-01-24,292.2199
2019-01-25,295.0383
2019-01-28,294.0705
2019-01-29,293.5367
2019-01-30,293.8537
2019-01-31,294.2447
2019-02-01,297.2516
2019-02-11,299.4673
2019-02-12,300.6312
2019-02-13,303.0131
2019-02-14,304.0837
2019-02-15,302.1187
2019-02-18,307.1897
2019-02-19,305.7306
2019-02-20,305.9091
2019-02-21,306.9970
2019-02-22,311.6288
2019-02-25,322.7294
2019-02-26,318.9894
2019-02-27,317.1242
2019-02-28,317.2062
2019-03-01,320.7649
2019-03-04,324.6839
2019-03-05,327.7958
2019-03-06,329.4643
2019-03-07,327.2262
2019-03-08,319.4126
2019-03-11,325.0941
2019-03-12,328.0823
2019-03-13,324.6776
2019-03-14,321.3366
2019-03-15,323.7142
2019-03-18,329.9524
2019-03-19,331.4758
2019-03-20,330.8130
2019-03-21,333.5367
2019-03-22,333.1943
2019-03-25,328.8491
2019-03-26,322.5636
2019-03-27,322.9803
2019-03-28,321.6978
2019-03-29,328.4699
2019-04-01,337.0106
2019-04-02,338.2462
2019-04-03,339.2562
2019-04-04,341.2152
2019-04-08,340.0082
2019-04-09,337.3280
2019-04-10,335.1309
2019-04-11,331.6889
2019-04-12,331.4671
2019-04-15,330.7284
2019-04-16,333.0919
2019-04-17,334.3017
2019-04-18,333.6469
2019-04-19,334.3873
2019-04-22,330.6431
2019-04-23,326.9930
2019-04-24,326.2460
2019-04-25,321.7536
2019-04-26,318.5467
2019-04-29,318.1679
2019-04-30,320.5406
2019-05-06,311.7557
2019-05-07,313.2417
2019-05-08,313.6898
2019-05-09,313.8212
2019-05-10,319.3330
2019-05-13,317.4587
2019-05-14,318.0175
2019-05-15,321.0363
2019-05-16,321.1892
2019-05-17,318.0040
2019-05-20,316.3831
2019-05-21,317.3658
2019-05-22,317.4407
2019-05-23,315.5242
2019-05-24,315.2640
2019-05-27,315.1013
2019-05-28,315.3409
2019-05-29,315.0397
2019-05-30,313.3126
2019-05-31,312.8524
2019-06-03,310.0439
2019-06-04,307.7455
2019-06-05,307.3742
2019-06-06,306.0726
2019-06-10,307.8376
2019-06-11,312.3659
2019-06-12,311.3235
2019-06-13,310.6646
2019-06-14,309.0165
2019-06-17,308.7756
2019-06-18,308.6503
2019-06-19,310.6350
2019-06-20,315.4408
2019-06-21,317.2136
2019-06-24,316.7123
2019-06-25,315.0761
2019-06-26,315.5326
2019-06-27,317.5589
2019-06-28,316.7948
2019-07-01,319.6949
2019-07-02,320.3855
2019-07-03,319.3901
2019-07-04,318.8830
2019-07-05,318.9560
2019-07-08,315.9510
2019-07-09,315.8870
2019-07-10,315.5681
2019-07-11,315.4271
2019-07-12,317.1627
2019-07-15,317.7522
2019-07-16,317.5792
2019-07-17,318.2176
2019-07-18,317.3446
2019-07-19,318.1976
2019-07-22,317.3508
2019-07-23,317.5612
2019-07-24,318.3186
2019-07-25,320.3375
2019-07-26,322.6166
2019-07-29,323.2976
2019-07-30,324.7689
2019-07-31,324.6710
2019-08-01,323.8860
2019-08-02,322.7222
2019-08-05,319.9044
2019-08-06,319.0174
2019-08-07,320.3884
2019-08-08,321.7963
2019-08-09,321.8285
2019-08-12,323.7604
2019-08-13,322.9951
2019-08-14,323.3172
2019-08-15,323.8129
2019-08-16,324.6503
2019-08-19,327.2897
2019-08-20,327.0463
2019-08-21,326.9053
2019-08-22,326.2543
2019-08-23,327.6259
2019-08-26,325.4760
2019-08-27,327.1908
2019-08-28,327.4255
2019-08-29,326.8946
2019-08-30,326.8459
2019-09-02,328.8798
2019-09-03,329.1189
2019-09-04,329.7756
2019-09-05,332.7592
2019-09-06,334.2682
2019-09-09,336.5012
2019-09-10,335.8822
2019-09-11,334.8295
2019-09-12,335.1811
2019-09-16,333.9651
2019-09-17,330.1524
2019-09-18,330.3367
2019-09-19,331.4017
2019-09-20,332.0954
2019-09-23,330.3967
2019-09-24,330.4571
2019-09-25,329.4066
2019-09-26,328.1930
2019-09-27,328.6641
2019-09-30,328.2675
2019-10-08,328.5261
2019-10-09,329.6092
2019-10-10,331.4423
2019-10-11,333.1418
2019-10-14,336.0818
2019-10-15,334.7490
2019-10-16,334.0409
2019-10-17,333.6235
2019-10-18,332.4615
2019-10-21,331.6510
2019-10-22,332.3281
2019-10-23,331.4120
2019-10-24,331.3848
2019-10-25,332.5695
2019-10-28,334.1152
2019-10-29,333.7398
2019-10-30,331.4145
2019-10-31,329.9906
2019-11-01,331.6179
2019-11-04,332.7308
2019-11-05,335.3545
2019-11-06,335.2090
2019-11-07,336.0238
2019-11-08,335.6056
2019-11-11,333.3567
2019-11-12,332.6025
2019-11-13,332.4397
2019-11-14,332.7842
2019-11-15,331.5331
2019-11-18,332.8177
2019-11-19,334.4551
2019-11-20,333.7634
2019-11-21,332.8241
2019-11-22,332.0354
2019-11-25,332.7341
2019-11-26,332.9028
2019-11-27,332.3290
2019-11-28,331.7237
2019-11-29,331.4540
2019-12-02,331.4896
2019-12-03,331.8505
2019-12-04,331.6824
2019-12-05,333.1108
2019-12-06,334.0364
2019-12-09,333.9309
2019-12-10,334.6757
2019-12-11,335.3829
2019-12-12,335.4718
2019-12-13,338.0701
2019-12-16,341.1283
2019-12-17,343.8602
2019-12-18,344.4547
2019-12-19,344.1783
2019-12-20,344.0083
2019-12-23,342.5020
2019-12-24,344.0132
2019-12-25,344.3475
2019-12-26,346.4135
2019-12-27,346.1976
2019-12-30,347.8749
2019-12-31,349.9141
2020-01-02,353.8376
2020-01-03,354.5313
2020-01-06,354.5462
2020-01-07,355.3732
2020-01-08,353.4921
2020-01-09,354.8494
2020-01-10,353.1949
2020-01-13,354.1622
2020-01-14,354.1716
2020-01-15,352.6513
2020-01-16,351.9886
2020-01-17,352.9505
2020-01-20,355.8858
2020-01-21,354.7995
2020-01-22,354.9507
2020-01-23,350.4243
2020-02-03,338.0484
2020-02-04,344.8486
2020-02-05,347.4774
2020-02-06,350.2311
2020-02-07,349.6387
2020-02-10,351.0301
2020-02-11,352.4524
2020-02-12,356.3530
2020-02-13,355.2428
2020-02-14,355.0610
2020-02-17,359.1130
2020-02-18,360.4088
2020-02-19,360.2146
2020-02-20,362.8899
2020-02-21,364.8069
2020-02-24,366.2186
2020-02-25,365.7678
2020-02-26,363.3624
2020-02-27,362.9586
2020-02-28,357.4633
2020-03-02,359.9328
2020-03-03,361.3864
2020-03-04,361.3355
2020-03-05,365.7784
2020-03-06,365.4839
2020-03-09,359.0366
2020-03-10,361.8145
2020-03-11,361.3172
2020-03-12,358.5660
2020-03-13,356.4010
2020-03-16,350.8251
2020-03-17,349.5932
2020-03-18,349.0630
2020-03-19,348.0886
2020-03-20,353.1011
2020-03-23,346.4769
2020-03-24,348.4165
2020-03-25,354.0963
2020-03-26,352.5688
2020-03-27,351.4948
2020-03-30,350.1658
2020-03-31,349.9732
2020-04-01,350.2269
2020-04-02,350.8467
2020-04-03,349.3873
2020-04-07,353.0671
2020-04-08,352.7117
2020-04-09,353.3708
2020-04-10,350.5536
2020-04-13,347.3379
2020-04-14,348.6558
2020-04-15,348.5005
2020-04-16,349.9365
2020-04-17,350.8323
2020-04-20,352.0318
2020-04-21,351.1483
2020-04-22,352.3028
2020-04-23,351.9352
2020-04-24,350.1445
2020-04-27,351.1122
2020-04-28,350.9905
2020-04-29,351.2054
2020-04-30,353.3795
2020-05-06,354.1576
2020-05-07,352.6176
2020-05-08,353.2286
2020-05-11,352.4961
2020-05-12,351.4191
2020-05-13,350.8905
2020-05-14,348.2892
2020-05-15,347.7870
2020-05-18,345.2237
2020-05-19,344.8242
2020-05-20,341.9474
2020-05-21,341.0789
2020-05-22,339.2194
2020-05-25,336.3213
2020-05-26,338.4003
2020-05-27,338.4063
2020-05-28,338.6722
2020-05-29,341.9026
2020-06-01,346.0348
2020-06-02,346.3666
2020-06-03,345.4495
2020-06-04,344.1505
2020-06-05,343.3187
2020-06-08,343.3654
2020-06-09,343.3438
2020-06-10,342.7432
2020-06-11,341.6073
2020-06-12,342.1328
2020-06-15,342.5336
2020-06-16,344.2935
2020-06-17,344.2026
2020-06-18,344.3288
2020-06-19,345.1159
2020-06-22,344.3889
2020-06-23,342.7354
2020-06-24,343.3465
2020-06-29,341.5394
2020-06-30,343.4614
2020-07-01,347.0425
2020-07-02,352.9517
2020-07-03,357.9975
2020-07-06,370.1551
2020-07-07,370.1659
2020-07-08,374.0074
2020-07-09,377.5267
2020-07-10,372.2904
2020-07-13,377.8083
2020-07-14,374.4237
2020-07-15,369.2573
2020-07-16,358.9874
2020-07-17,359.3163
2020-07-20,366.3992
2020-07-21,366.7109
2020-07-22,368.8134
2020-07-23,368.3615
2020-07-24,360.9205
2020-07-27,359.7033
2020-07-28,362.1581
2020-07-29,366.6406
2020-07-30,367.0590
2020-07-31,369.1261
2020-08-03,374.0363
2020-08-04,373.8964
2020-08-05,376.2402
2020-08-06,376.6307
2020-08-07,373.1917
2020-08-10,373.5563
2020-08-11,370.7330
2020-08-12,368.4679
2020-08-13,370.1455
2020-08-14,371.6194
2020-08-17,375.2641
2020-08-18,376.7467
2020-08-19,374.4833
2020-08-20,371.1589
2020-08-21,372.0252
2020-08-24,372.8262
2020-08-25,372.3253
2020-08-26,368.6584
2020-08-27,369.1881
2020-08-28,371.6336
2020-08-31,372.2933
2020-09-01,373.5267
2020-09-02,374.7323
2020-09-03,373.6073
2020-09-04,372.6025
2020-09-07,368.0055
2020-09-08,367.4464
2020-09-09,363.3254
2020-09-10,361.5195
2020-09-11,362.9469
2020-09-14,363.7368
2020-09-15,363.7332
2020-09-16,362.4884
2020-09-17,361.6189
2020-09-18,363.3802
2020-09-21,362.5390
2020-09-22,360.8631
2020-09-23,360.8913
2020-09-24,356.6898
2020-09-25,355.7364
2020-09-28,354.5783
2020-09-29,357.9107
2020-09-30,359.2124
2020-10-09,362.7307
2020-10-12,367.6290
2020-10-13,369.0630
2020-10-14,368.6801
2020-10-15,368.4456
2020-10-16,368.5128
2020-10-19,366.9642
2020-10-20,368.5717
2020-10-21,368.4865
2020-10-22,369.9105
2020-10-23,366.8527
2020-10-26,367.2255
2020-10-27,368.9392
2020-10-28,368.8567
2020-10-29,369.5265
2020-10-30,365.8437
2020-11-02,364.6145
2020-11-03,365.7334
2020-11-04,366.0253
2020-11-05,368.9542
2020-11-06,367.4280
2020-11-09,370.6511
2020-11-10,369.3660
2020-11-11,368.7026
2020-11-12,368.3748
2020-11-13,366.1254
2020-11-16,367.0082
2020-11-17,364.8397
2020-11-18,365.3415
2020-11-19,365.5860
2020-11-20,366.0163
2020-11-23,368.9326
2020-11-24,369.6970
2020-11-25,368.1941
2020-11-26,367.3710
2020-11-27,368.3902
2020-11-30,368.3905
2020-12-01,371.0336
2020-12-02,371.0279
2020-12-03,369.2785
2020-12-04,369.0023
2020-12-07,368.2314
2020-12-08,367.4981
2020-12-09,366.1700
2020-12-10,365.2992
2020-12-11,362.7435
2020-12-14,362.9230
2020-12-15,360.9510
2020-12-16,360.3164
2020-12-17,362.1137
2020-12-18,363.3204
2020-12-21,366.2624
2020-12-22,364.1020
2020-12-23,364.8326
2020-12-24,361.9476
2020-12-25,363.9604
2020-12-28,363.2532
2020-12-29,361.5464
2020-12-30,364.5315
2020-12-31,368.3016
2021-01-04,371.9623
2021-01-05,374.1931
2021-01-06,374.5559
2021-01-07,374.3282
2021-01-08,374.0393
2021-01-11,372.4084
2021-01-12,374.9168
2021-01-13,373.2029
2021-01-14,372.7604
2021-01-15,373.8811
2021-01-18,375.8468
2021-01-19,374.3717
2021-01-20,374.9549
2021-01-21,377.2987
2021-01-22,377.3143
2021-01-25,376.5897
2021-01-26,374.0634
2021-01-27,373.6201
2021-01-28,367.5757
2021-01-29,362.9744
2021-02-01,363.6602
2021-02-02,363.1506
2021-02-03,361.3581
2021-02-04,356.2846
2021-02-05,354.7584
2021-02-08,357.0975
2021-02-09,362.3524
2021-02-10,364.9115
2021-02-18,367.9592
2021-02-19,371.0002
2021-02-22,372.8270
2021-02-23,371.4540
2021-02-24,367.7049
2021-02-25,367.6534
2021-02-26,365.4430
2021-03-01,368.2858
2021-03-02,367.1098
2021-03-03,370.5212
2021-03-04,367.3761
2021-03-05,367.1697
2021-03-08,364.1688
2021-03-09,362.5157
2021-03-10,363.0973
2021-03-11,366.9414
2021-03-12,368.3391
2021-03-15,367.8377
2021-03-16,368.4633
2021-03-17,368.7283
2021-03-18,369.8939
2021-03-19,368.3957
2021-03-22,370.8450
2021-03-23,368.3516
2021-03-24,364.7849
2021-03-25,363.9341
2021-03-26,366.2933
2021-03-29,367.0848
2021-03-30,367.2079
2021-03-31,366.8333
2021-04-01,368.1980
2021-04-02,368.4397
2021-04-06,368.9844
2021-04-07,369.5795
2021-04-08,370.1975
2021-04-09,369.8178
2021-04-12,367.7174
2021-04-13,366.5220
2021-04-14,367.4490
2021-04-15,367.2921
2021-04-16,368.7708
2021-04-19,372.1746
2021-04-20,372.5228
2021-04-21,371.7523
2021-04-22,371.8972
2021-04-23,371.4306
2021-04-26,371.0019
2021-04-27,369.8028
2021-04-28,370.3760
2021-04-29,372.0387
2021-04-30,371.4236
2021-05-06,372.8429
2021-05-07,372.4749
2021-05-10,373.8138
2021-05-11,373.7445
2021-05-12,375.3334
2021-05-13,373.7953
2021-05-14,375.7652
2021-05-17,376.3881
2021-05-18,377.2884
2021-05-19,377.1034
2021-05-20,376.3770
2021-05-21,376.6030
2021-05-24,377.1315
2021-05-25,379.9732
2021-05-26,381.6797
2021-05-27,383.0224
2021-05-28,382.8182
2021-05-31,383.2427
2021-06-01,383.6527
2021-06-02,382.6231
2021-06-03,383.0599
2021-06-04,383.1178
2021-06-07,382.7529
2021-06-08,381.7396
2021-06-09,381.8902
2021-06-10,382.8999
2021-06-11,382.4867
2021-06-15,379.7840
2021-06-16,375.8600
2021-06-17,375.5959
2021-06-18,376.1985
2021-06-21,377.5462
2021-06-22,380.0212
2021-06-23,381.5850
2021-06-24,382.2409
2021-06-25,383.7151
2021-06-28,384.4326
2021-06-29,382.7604
2021-06-30,383.1746
2021-07-01,381.6565
2021-07-02,380.0210
2021-07-05,380.7353
2021-07-06,381.3496
2021-07-07,384.0936
2021-07-08,385.3142
2021-07-09,387.2094
2021-07-12,389.8899
2021-07-13,392.5189
2021-07-14,391.2355
2021-07-15,392.2936
2021-07-16,392.4484
2021-07-19,391.0536
2021-07-20,390.9321
2021-07-21,394.7012
2021-07-22,397.1846
2021-07-23,397.9629
2021-07-26,394.9567
2021-07-27,390.6355
2021-07-28,388.2662
2021-07-29,393.4777
2021-07-30,394.4459
2021-08-02,398.6259
2021-08-03,396.5956
2021-08-04,399.9021
2021-08-05,398.8494
2021-08-06,399.4312
2021-08-09,399.3730
2021-08-10,400.7628
2021-08-11,402.6189
2021-08-12,403.2486
2021-08-13,403.8807
2021-08-16,403.3937
2021-08-17,399.1793
2021-08-18,400.7844
2021-08-19,400.4540
2021-08-20,399.4716
2021-08-23,402.2130
2021-08-24,404.6199
2021-08-25,405.9084
2021-08-26,405.4712
2021-08-27,406.7516
2021-08-30,408.6645
2021-08-31,409.6054
2021-09-01,410.4990
2021-09-02,416.4013
2021-09-03,415.6746
2021-09-06,418.1269
2021-09-07,423.4562
2021-09-08,424.6167
2021-09-09,424.6316
2021-09-10,424.4238
2021-09-13,425.2236
2021-09-14,421.0035
2021-09-15,420.6967
2021-09-16,413.4646
2021-09-17,413.3462
2021-09-22,415.1055
2021-09-23,417.1951
2021-09-24,414.1660
2021-09-27,407.5991
2021-09-28,409.1533
2021-09-29,402.7527
2021-09-30,407.6524
2021-10-08,407.7653
2021-10-11,407.1339
2021-10-12,401.3030
2021-10-13,401.0766
2021-10-14,402.5590
2021-10-15,404.4551
2021-10-18,406.6450
2021-10-19,408.8601
2021-10-20,409.1481
2021-10-21,408.9145
2021-10-22,407.1556
2021-10-25,409.2878
2021-10-26,409.7382
2021-10-27,408.7573
2021-10-28,405.5449
2021-10-29,408.1213
2021-11-01,411.2400
2021-11-02,409.4361
2021-11-03,410.4771
2021-11-04,413.7272
2021-11-05,410.7653
2021-11-08,412.5677
2021-11-09,414.9267
2021-11-10,415.0191
2021-11-11,419.0865
2021-11-12,421.7238
2021-11-15,420.9267
2021-11-16,418.3645
2021-11-17,420.0533
2021-11-18,420.1933
2021-11-19,423.8014
2021-11-22,427.4367
2021-11-23,426.9951
2021-11-24,426.8673
2021-11-25,426.4293
2021-11-26,426.7086
2021-11-29,428.4649
2021-11-30,429.0251
2021-12-01,431.2233
2021-12-02,431.6900
2021-12-03,433.9643
2021-12-06,429.9214
2021-12-07,423.9363
2021-12-08,427.1877
2021-12-09,430.1082
2021-12-10,431.1338
2021-12-13,432.9017
2021-12-14,431.0114
2021-12-15,431.3366
2021-12-16,432.7934
2021-12-17,431.9128
2021-12-20,428.4896
2021-12-21,431.5622
2021-12-22,433.5781
2021-12-23,436.2452
2021-12-24,434.9414
2021-12-27,432.9960
2021-12-28,433.3359
2021-12-29,431.9629
2021-12-30,433.7628
2021-12-31,436.3677
2022-01-04,437.6856
2022-01-05,434.6335
2022-01-06,435.6567
2022-01-07,434.6913
2022-01-10,436.1707
2022-01-11,433.6205
2022-01-12,436.4282
2022-01-13,433.0591
2022-01-14,429.2845
2022-01-17,432.3755
2022-01-18,433.7878
2022-01-19,434.1872
2022-01-20,434.8325
2022-01-21,432.8787
2022-01-24,433.7597
2022-01-25,428.1619
2022-01-26,430.0907
2022-01-27,426.2429
2022-01-28,426.0694
2022-02-07,430.3183
2022-02-08,431.3159
2022-02-09,435.4015
2022-02-10,436.6457
2022-02-11,433.8082
2022-02-14,420.7313
2022-02-15,414.3198
2022-02-16,416.5981
2022-02-17,417.4562
2022-02-18,420.7399
2022-02-21,422.3949
2022-02-22,420.0040
2022-02-23,423.3535
2022-02-24,420.9504
2022-02-25,422.4421
2022-02-28,423.0582
2022-03-01,424.3296
2022-03-02,423.1276
2022-03-03,420.7847
2022-03-04,416.0579
2022-03-07,407.5193
2022-03-08,399.7518
2022-03-09,396.9639
2022-03-10,402.4007
2022-03-11,402.8133
2022-03-14,400.2649
2022-03-15,393.7030
2022-03-16,400.7025
2022-03-17,403.5991
2022-03-18,406.5597
2022-03-21,406.8595
2022-03-22,406.2676
2022-03-23,404.8050
2022-03-24,400.7837
2022-03-25,397.4053
2022-03-28,395.6909
2022-03-29,395.2259
2022-03-30,400.1937
2022-03-31,399.8968
2022-04-01,404.0453
2022-04-06,404.9921
2022-04-07,401.8401
2022-04-08,402.0154
2022-04-11,398.0956
2022-04-12,399.2226
2022-04-13,397.7377
2022-04-14,399.3513
2022-04-15,398.9669
2022-04-18,399.5810
2022-04-19,400.3703
2022-04-20,397.7599
2022-04-21,393.9632
2022-04-22,394.1581
2022-04-25,386.2618
2022-04-26,384.4024
2022-04-27,389.2297
2022-04-28,389.6477
2022-04-29,394.3014
2022-05-05,395.8888
2022-05-06,393.1603
2022-05-09,393.0800
2022-05-10,394.9532
2022-05-11,397.6217
2022-05-12,397.5085
2022-05-13,399.3722
2022-05-16,399.6310
2022-05-17,401.3315
2022-05-18,401.1899
2022-05-19,401.4448
2022-05-20,403.3075
2022-05-23,404.2005
2022-05-24,399.2585
2022-05-25,401.1466
2022-05-26,402.2168
2022-05-27,402.3282
2022-05-30,402.1952
2022-05-31,403.1963
2022-06-01,402.7951
2022-06-02,403.5181
2022-06-06,406.3201
2022-06-07,406.8732
2022-06-08,407.5104
2022-06-09,406.9543
2022-06-10,409.4418
2022-06-13,409.0891
2022-06-14,408.8587
2022-06-15,411.3642
2022-06-16,411.8660
2022-06-17,413.3896
2022-06-20,412.0419
2022-06-21,410.8232
2022-06-22,410.2143
2022-06-23,412.2392
2022-06-24,414.4138
2022-06-27,417.4592
2022-06-28,419.8248
2022-06-29,416.4942
2022-06-30,418.6170
2022-07-01,418.6406
2022-07-04,420.8635
2022-07-05,420.5646
2022-07-06,417.5138
2022-07-07,419.5823
2022-07-08,419.3863
2022-07-11,416.4564
2022-07-12,414.5286
2022-07-13,415.2287
2022-07-14,416.9173
2022-07-15,416.1316
2022-07-18,418.8194
2022-07-19,419.2011
2022-07-20,420.5902
2022-07-21,419.5059
2022-07-22,418.4538
2022-07-25,416.9502
2022-07-26,419.5813
2022-07-27,421.4900
2022-07-28,422.5464
2022-07-29,422.9247
2022-08-01,424.4402
2022-08-02,421.6549
2022-08-03,419.6601
2022-08-04,420.4410
2022-08-05,421.5039
2022-08-08,423.8475
2022-08-09,424.3731
2022-08-10,423.8626
2022-08-11,426.2118
2022-08-12,426.4162
2022-08-15,428.4528
2022-08-16,429.7659
2022-08-17,430.6816
2022-08-18,427.7748
2022-08-19,425.1634
2022-08-22,426.8068
2022-08-23,427.0321
2022-08-24,420.9776
2022-08-25,419.4857
2022-08-26,419.1324
2022-08-29,417.6934
2022-08-30,416.7433
2022-08-31,412.2234
2022-09-01,411.7775
2022-09-02,413.6731
2022-09-05,415.5212
2022-09-06,419.3734
2022-09-07,420.5104
2022-09-08,418.3729
2022-09-09,418.5609
2022-09-13,418.6842
2022-09-14,416.9549
2022-09-15,413.6570
2022-09-16,410.1609
2022-09-19,409.2213
2022-09-20,410.6589
2022-09-21,411.6950
2022-09-22,410.7355
2022-09-23,408.6401
2022-09-26,406.6593
2022-09-27,408.1627
2022-09-28,404.8865
2022-09-29,403.3001
2022-09-30,402.6447
2022-10-10,400.6383
2022-10-11,402.3736
2022-10-12,406.8355
2022-10-13,407.6874
2022-10-14,411.0757
2022-10-17,410.9743
2022-10-18,410.8420
2022-10-19,409.2211
2022-10-20,406.8133
2022-10-21,406.6151
2022-10-24,402.7479
2022-10-25,401.3000
2022-10-26,403.1510
2022-10-27,403.4029
2022-10-28,399.5263
2022-10-31,397.2372
2022-11-01,400.7793
2022-11-02,403.7333
2022-11-03,403.7089
2022-11-04,408.8129
2022-11-07,407.9142
2022-11-08,406.6735
2022-11-09,406.1457
2022-11-10,404.7941
2022-11-11,408.3300
2022-11-14,406.3931
2022-11-15,407.4536
2022-11-16,403.4062
2022-11-17,399.6884
2022-11-18,398.2456
2022-11-21,398.2705
2022-11-22,397.8833
2022-11-23,398.3466
2022-11-24,399.8299
2022-11-25,400.6546
2022-11-28,399.0286
2022-11-29,403.6187
2022-11-30,404.2941
2022-12-01,406.5139
2022-12-02,406.5625
2022-12-05,408.7635
2022-12-06,408.1643
2022-12-07,405.9507
2022-12-08,404.6151
2022-12-09,404.8792
2022-12-12,403.2482
2022-12-13,400.3256
2022-12-14,398.6553
2022-12-15,398.7310
2022-12-16,396.3888
2022-12-19,392.9201
2022-12-20,391.2334
2022-12-21,391.1206
2022-12-22,389.4211
2022-12-23,388.4608
2022-12-26,391.3414
2022-12-27,394.8820
2022-12-28,393.6698
2022-12-29,392.0222
2022-12-30,392.6582
2023-01-03,394.5990
2023-01-04,396.1273
2023-01-05,399.4735
2023-01-06,400.9627
2023-01-09,401.8822
2023-01-10,400.8242
2023-01-11,400.3899
2023-01-12,401.0479
2023-01-13,401.6989
2023-01-16,404.4811
2023-01-17,405.9379
2023-01-18,406.9639
2023-01-19,407.9904
2023-01-20,410.1295
2023-01-30,410.5912
2023-01-31,409.2832
2023-02-01,411.6621
2023-02-02,412.3436
2023-02-03,410.8728
2023-02-06,407.3804
2023-02-07,408.2914
2023-02-08,407.5322
2023-02-09,409.9969
2023-02-10,409.6174
2023-02-13,410.2951
2023-02-14,410.2251
2023-02-15,408.7006
2023-02-16,405.9363
2023-02-17,402.9450
2023-02-20,406.4941
2023-02-21,407.4221
2023-02-22,406.9505
2023-02-23,406.7288
2023-02-24,405.5517
2023-02-27,404.3695
2023-02-28,404.8567
2023-03-01,407.3083
2023-03-02,407.0891
2023-03-03,407.8090
2023-03-06,407.9561
2023-03-07,405.5409
2023-03-08,404.8263
2023-03-09,404.9070
2023-03-10,402.8951
2023-03-13,403.8239
2023-03-14,403.2966
2023-03-15,404.2991
2023-03-16,402.0850
2023-03-17,403.0847
